event_id,event_title,event_volume,event_liquidity,n_markets,market_id,question,p_yes_mid,p_yes_mid_valid,best_bid,best_ask,end_date
30829,Democratic Presidential Nominee 2028,1264485222.5733736,80047876.67593,128,559652,Will Gavin Newsom win the 2028 Democratic presidential nomination?,0.1505,True,0.15,0.151,2028-11-07T00:00:00Z
30829,Democratic Presidential Nominee 2028,1264485222.5733736,80047876.67593,128,559653,Will Alexandria Ocasio-Cortez win the 2028 Democratic presidential nomination?,0.2135,True,0.213,0.214,2028-11-07T00:00:00Z
30829,Democratic Presidential Nominee 2028,1264485222.5733736,80047876.67593,128,559654,Will Pete Buttigieg win the 2028 Democratic presidential nomination?,0.0525,True,0.052,0.053,2028-11-07T00:00:00Z
30829,Democratic Presidential Nominee 2028,1264485222.5733736,80047876.67593,128,559655,Will Josh Shapiro win the 2028 Democratic presidential nomination?,0.0505,True,0.05,0.051,2028-11-07T00:00:00Z
30829,Democratic Presidential Nominee 2028,1264485222.5733736,80047876.67593,128,559656,Will Wes Moore win the 2028 Democratic presidential nomination?,0.0145,True,0.014,0.015,2028-11-07T00:00:00Z
30829,Democratic Presidential Nominee 2028,1264485222.5733736,80047876.67593,128,559657,Will Stephen A. Smith win the 2028 Democratic presidential nomination?,0.003,True,0.002,0.004,2028-11-07T00:00:00Z
30829,Democratic Presidential Nominee 2028,1264485222.5733736,80047876.67593,128,559658,Will Kamala Harris win the 2028 Democratic presidential nomination?,0.0745,True,0.074,0.075,2028-11-07T00:00:00Z
30829,Democratic Presidential Nominee 2028,1264485222.5733736,80047876.67593,128,559659,Will Gretchen Whitmer win the 2028 Democratic presidential nomination?,0.0075,True,0.007,0.008,2028-11-07T00:00:00Z
30829,Democratic Presidential Nominee 2028,1264485222.5733736,80047876.67593,128,559660,Will Andy Beshear win the 2028 Democratic presidential nomination?,0.0225,True,0.022,0.023,2028-11-07T00:00:00Z
30829,Democratic Presidential Nominee 2028,1264485222.5733736,80047876.67593,128,559661,Will Jon Ossoff win the 2028 Democratic presidential nomination?,0.1475,True,0.146,0.149,2028-11-07T00:00:00Z
30829,Democratic Presidential Nominee 2028,1264485222.5733736,80047876.67593,128,559662,Will Mark Cuban win the 2028 Democratic presidential nomination?,0.0055,True,0.005,0.006,2028-11-07T00:00:00Z
30829,Democratic Presidential Nominee 2028,1264485222.5733736,80047876.67593,128,559663,Will J.B. Pritzker win the 2028 Democratic presidential nomination?,0.0115,True,0.011,0.012,2028-11-07T00:00:00Z
30829,Democratic Presidential Nominee 2028,1264485222.5733736,80047876.67593,128,559664,Will Raphael Warnock win the 2028 Democratic presidential nomination?,0.0065,True,0.006,0.007,2028-11-07T00:00:00Z
30829,Democratic Presidential Nominee 2028,1264485222.5733736,80047876.67593,128,559665,Will Cory Booker win the 2028 Democratic presidential nomination?,0.0055,True,0.005,0.006,2028-11-07T00:00:00Z
30829,Democratic Presidential Nominee 2028,1264485222.5733736,80047876.67593,128,559666,Will Tim Walz win the 2028 Democratic presidential nomination?,0.0015,True,0.001,0.002,2028-11-07T00:00:00Z
30829,Democratic Presidential Nominee 2028,1264485222.5733736,80047876.67593,128,559667,Will Michelle Obama win the 2028 Democratic presidential nomination?,0.0065,True,0.006,0.007,2028-11-07T00:00:00Z
30829,Democratic Presidential Nominee 2028,1264485222.5733736,80047876.67593,128,559668,Will Mark Kelly win the 2028 Democratic presidential nomination?,0.0305,True,0.03,0.031,2028-11-07T00:00:00Z
30829,Democratic Presidential Nominee 2028,1264485222.5733736,80047876.67593,128,559669,Will Rahm Emanuel win the 2028 Democratic presidential nomination?,0.0235,True,0.023,0.024,2028-11-07T00:00:00Z
30829,Democratic Presidential Nominee 2028,1264485222.5733736,80047876.67593,128,559670,Will Gina Raimondo win the 2028 Democratic presidential nomination?,0.0025,True,0.002,0.003,2028-11-07T00:00:00Z
30829,Democratic Presidential Nominee 2028,1264485222.5733736,80047876.67593,128,559671,Will Zohran Mamdani win the 2028 Democratic presidential nomination?,0.0035,True,0.003,0.004,2028-11-07T00:00:00Z
30829,Democratic Presidential Nominee 2028,1264485222.5733736,80047876.67593,128,559672,Will Roy Cooper win the 2028 Democratic presidential nomination?,0.0035,True,0.003,0.004,2028-11-07T00:00:00Z
30829,Democratic Presidential Nominee 2028,1264485222.5733736,80047876.67593,128,559673,Will John Fetterman win the 2028 Democratic presidential nomination?,0.0035,True,0.003,0.004,2028-11-07T00:00:00Z
30829,Democratic Presidential Nominee 2028,1264485222.5733736,80047876.67593,128,559674,Will Jared Polis win the 2028 Democratic presidential nomination?,0.0025,True,0.002,0.003,2028-11-07T00:00:00Z
30829,Democratic Presidential Nominee 2028,1264485222.5733736,80047876.67593,128,559675,Will Jon Stewart win the 2028 Democratic presidential nomination?,0.0065,True,0.006,0.007,2028-11-07T00:00:00Z
30829,Democratic Presidential Nominee 2028,1264485222.5733736,80047876.67593,128,559676,Will Barack Obama win the 2028 Democratic presidential nomination?,0.0025,True,0.002,0.003,2028-11-07T00:00:00Z
30829,Democratic Presidential Nominee 2028,1264485222.5733736,80047876.67593,128,559677,Will Hillary Clinton win the 2028 Democratic presidential nomination?,0.0015,True,0.001,0.002,2028-11-07T00:00:00Z
30829,Democratic Presidential Nominee 2028,1264485222.5733736,80047876.67593,128,559678,Will Liz Cheney win the 2028 Democratic presidential nomination?,0.0025,True,0.002,0.003,2028-11-07T00:00:00Z
30829,Democratic Presidential Nominee 2028,1264485222.5733736,80047876.67593,128,559679,Will Bernie Sanders win the 2028 Democratic presidential nomination?,0.0045,True,0.004,0.005,2028-11-07T00:00:00Z
30829,Democratic Presidential Nominee 2028,1264485222.5733736,80047876.67593,128,559680,Will Phil Murphy win the 2028 Democratic presidential nomination?,0.0015,True,0.001,0.002,2028-11-07T00:00:00Z
30829,Democratic Presidential Nominee 2028,1264485222.5733736,80047876.67593,128,559681,Will LeBron James win the 2028 Democratic presidential nomination?,0.0025,True,0.002,0.003,2028-11-07T00:00:00Z
30829,Democratic Presidential Nominee 2028,1264485222.5733736,80047876.67593,128,559682,Will Hunter Biden win the 2028 Democratic presidential nomination?,0.0045,True,0.004,0.005,2028-11-07T00:00:00Z
30829,Democratic Presidential Nominee 2028,1264485222.5733736,80047876.67593,128,559683,Will George Clooney win the 2028 Democratic presidential nomination?,0.0025,True,0.002,0.003,2028-11-07T00:00:00Z
30829,Democratic Presidential Nominee 2028,1264485222.5733736,80047876.67593,128,559684,Will Chelsea Clinton win the 2028 Democratic presidential nomination?,0.0015,True,0.001,0.002,2028-11-07T00:00:00Z
30829,Democratic Presidential Nominee 2028,1264485222.5733736,80047876.67593,128,559685,Will MrBeast win the 2028 Democratic presidential nomination?,0.0015,True,0.001,0.002,2028-11-07T00:00:00Z
30829,Democratic Presidential Nominee 2028,1264485222.5733736,80047876.67593,128,559686,Will Dwayne 'The Rock' Johnson win the 2028 Democratic presidential nomination?,0.0095,True,0.009,0.01,2028-11-07T00:00:00Z
30829,Democratic Presidential Nominee 2028,1264485222.5733736,80047876.67593,128,559687,Will Oprah Winfrey win the 2028 Democratic presidential nomination?,0.0025,True,0.002,0.003,2028-11-07T00:00:00Z
30829,Democratic Presidential Nominee 2028,1264485222.5733736,80047876.67593,128,559688,Will Andrew Yang win the 2028 Democratic presidential nomination?,0.0015,True,0.001,0.002,2028-11-07T00:00:00Z
30829,Democratic Presidential Nominee 2028,1264485222.5733736,80047876.67593,128,559689,Will Beto O’Rourke win the 2028 Democratic presidential nomination?,0.0025,True,0.002,0.003,2028-11-07T00:00:00Z
30829,Democratic Presidential Nominee 2028,1264485222.5733736,80047876.67593,128,559690,Will Kim Kardashian win the 2028 Democratic presidential nomination?,0.0015,True,0.001,0.002,2028-11-07T00:00:00Z
30829,Democratic Presidential Nominee 2028,1264485222.5733736,80047876.67593,128,559691,Will Chris Murphy win the 2028 Democratic presidential nomination?,0.0035,True,0.002,0.005,2028-11-07T00:00:00Z
30829,Democratic Presidential Nominee 2028,1264485222.5733736,80047876.67593,128,559692,Will Jasmine Crockett win the 2028 Democratic presidential nomination?,0.0025,True,0.002,0.003,2028-11-07T00:00:00Z
30829,Democratic Presidential Nominee 2028,1264485222.5733736,80047876.67593,128,559693,Will Ruben Gallego win the 2028 Democratic presidential nomination?,0.0025,True,0.002,0.003,2028-11-07T00:00:00Z
30829,Democratic Presidential Nominee 2028,1264485222.5733736,80047876.67593,128,559694,Will Ro Khanna win the 2028 Democratic presidential nomination?,0.0225,True,0.022,0.023,2028-11-07T00:00:00Z
30829,Democratic Presidential Nominee 2028,1264485222.5733736,80047876.67593,128,559695,Will James Talarico win the 2028 Democratic presidential nomination?,0.0215,True,0.021,0.022,2028-11-07T00:00:00Z
30829,Democratic Presidential Nominee 2028,1264485222.5733736,80047876.67593,128,559696,Will Graham Platner win the 2028 Democratic presidential nomination?,0.0015,True,0.001,0.002,2028-11-07T00:00:00Z
30829,Democratic Presidential Nominee 2028,1264485222.5733736,80047876.67593,128,559697,Will Abigail Spanberger win the 2028 Democratic presidential nomination?,0.0015,True,0.001,0.002,2028-11-07T00:00:00Z
30829,Democratic Presidential Nominee 2028,1264485222.5733736,80047876.67593,128,559698,Will Hakeem Jeffries win the 2028 Democratic presidential nomination?,0.0005,True,,0.001,2028-11-07T00:00:00Z
30829,Democratic Presidential Nominee 2028,1264485222.5733736,80047876.67593,128,559699,Will Elissa Slotkin win the 2028 Democratic presidential nomination?,0.0025,True,0.002,0.003,2028-11-07T00:00:00Z
30829,Democratic Presidential Nominee 2028,1264485222.5733736,80047876.67593,128,559700,Will Adam Schiff win the 2028 Democratic presidential nomination?,0.0005,True,,0.001,2028-11-07T00:00:00Z
30829,Democratic Presidential Nominee 2028,1264485222.5733736,80047876.67593,128,559701,Will Josh Stein win the 2028 Democratic presidential nomination?,0.0005,True,,0.001,2028-11-07T00:00:00Z
30829,Democratic Presidential Nominee 2028,1264485222.5733736,80047876.67593,128,559702,Will Alex Padilla win the 2028 Democratic presidential nomination?,0.0005,True,,0.001,2028-11-07T00:00:00Z
30829,Democratic Presidential Nominee 2028,1264485222.5733736,80047876.67593,128,559703,Will Person V win the 2028 Democratic presidential nomination?,,False,0.0,1.0,2028-11-07T00:00:00Z
30829,Democratic Presidential Nominee 2028,1264485222.5733736,80047876.67593,128,559704,Will Person W win the 2028 Democratic presidential nomination?,,False,0.0,1.0,2028-11-07T00:00:00Z
30829,Democratic Presidential Nominee 2028,1264485222.5733736,80047876.67593,128,559705,Will Person X win the 2028 Democratic presidential nomination?,,False,0.0,1.0,2028-11-07T00:00:00Z
30829,Democratic Presidential Nominee 2028,1264485222.5733736,80047876.67593,128,559706,Will Person Y win the 2028 Democratic presidential nomination?,,False,0.0,1.0,2028-11-07T00:00:00Z
30829,Democratic Presidential Nominee 2028,1264485222.5733736,80047876.67593,128,559707,Will Person Z win the 2028 Democratic presidential nomination?,,False,0.0,1.0,2028-11-07T00:00:00Z
30829,Democratic Presidential Nominee 2028,1264485222.5733736,80047876.67593,128,559708,Will Person AA win the 2028 Democratic presidential nomination?,,False,0.0,1.0,2028-11-07T00:00:00Z
30829,Democratic Presidential Nominee 2028,1264485222.5733736,80047876.67593,128,559709,Will Person AB win the 2028 Democratic presidential nomination?,,False,0.0,1.0,2028-11-07T00:00:00Z
30829,Democratic Presidential Nominee 2028,1264485222.5733736,80047876.67593,128,559710,Will Person AC win the 2028 Democratic presidential nomination?,,False,0.0,1.0,2028-11-07T00:00:00Z
30829,Democratic Presidential Nominee 2028,1264485222.5733736,80047876.67593,128,559711,Will Person AD win the 2028 Democratic presidential nomination?,,False,0.0,1.0,2028-11-07T00:00:00Z
30829,Democratic Presidential Nominee 2028,1264485222.5733736,80047876.67593,128,559712,Will Person AE win the 2028 Democratic presidential nomination?,,False,0.0,1.0,2028-11-07T00:00:00Z
30829,Democratic Presidential Nominee 2028,1264485222.5733736,80047876.67593,128,559713,Will Person AF win the 2028 Democratic presidential nomination?,,False,0.0,1.0,2028-11-07T00:00:00Z
30829,Democratic Presidential Nominee 2028,1264485222.5733736,80047876.67593,128,559714,Will Person AG win the 2028 Democratic presidential nomination?,,False,0.0,1.0,2028-11-07T00:00:00Z
30829,Democratic Presidential Nominee 2028,1264485222.5733736,80047876.67593,128,559715,Will Person AH win the 2028 Democratic presidential nomination?,,False,0.0,1.0,2028-11-07T00:00:00Z
30829,Democratic Presidential Nominee 2028,1264485222.5733736,80047876.67593,128,559716,Will Person AI win the 2028 Democratic presidential nomination?,,False,0.0,1.0,2028-11-07T00:00:00Z
30829,Democratic Presidential Nominee 2028,1264485222.5733736,80047876.67593,128,559717,Will Person AJ win the 2028 Democratic presidential nomination?,,False,0.0,1.0,2028-11-07T00:00:00Z
30829,Democratic Presidential Nominee 2028,1264485222.5733736,80047876.67593,128,559718,Will Person AK win the 2028 Democratic presidential nomination?,,False,0.0,1.0,2028-11-07T00:00:00Z
30829,Democratic Presidential Nominee 2028,1264485222.5733736,80047876.67593,128,559719,Will Person AL win the 2028 Democratic presidential nomination?,,False,0.0,1.0,2028-11-07T00:00:00Z
30829,Democratic Presidential Nominee 2028,1264485222.5733736,80047876.67593,128,559720,Will Person AM win the 2028 Democratic presidential nomination?,,False,0.0,1.0,2028-11-07T00:00:00Z
30829,Democratic Presidential Nominee 2028,1264485222.5733736,80047876.67593,128,559721,Will Person AN win the 2028 Democratic presidential nomination?,,False,0.0,1.0,2028-11-07T00:00:00Z
30829,Democratic Presidential Nominee 2028,1264485222.5733736,80047876.67593,128,559722,Will Person AO win the 2028 Democratic presidential nomination?,,False,0.0,1.0,2028-11-07T00:00:00Z
30829,Democratic Presidential Nominee 2028,1264485222.5733736,80047876.67593,128,559723,Will Person AP win the 2028 Democratic presidential nomination?,,False,0.0,1.0,2028-11-07T00:00:00Z
30829,Democratic Presidential Nominee 2028,1264485222.5733736,80047876.67593,128,559724,Will Person AQ win the 2028 Democratic presidential nomination?,,False,0.0,1.0,2028-11-07T00:00:00Z
30829,Democratic Presidential Nominee 2028,1264485222.5733736,80047876.67593,128,559725,Will Person AR win the 2028 Democratic presidential nomination?,,False,0.0,1.0,2028-11-07T00:00:00Z
30829,Democratic Presidential Nominee 2028,1264485222.5733736,80047876.67593,128,559726,Will Person AS win the 2028 Democratic presidential nomination?,,False,0.0,1.0,2028-11-07T00:00:00Z
30829,Democratic Presidential Nominee 2028,1264485222.5733736,80047876.67593,128,559727,Will Person AT win the 2028 Democratic presidential nomination?,,False,0.0,1.0,2028-11-07T00:00:00Z
30829,Democratic Presidential Nominee 2028,1264485222.5733736,80047876.67593,128,559728,Will Person AU win the 2028 Democratic presidential nomination?,,False,0.0,1.0,2028-11-07T00:00:00Z
30829,Democratic Presidential Nominee 2028,1264485222.5733736,80047876.67593,128,559729,Will Person AV win the 2028 Democratic presidential nomination?,,False,0.0,1.0,2028-11-07T00:00:00Z
30829,Democratic Presidential Nominee 2028,1264485222.5733736,80047876.67593,128,559730,Will Person AW win the 2028 Democratic presidential nomination?,,False,0.0,1.0,2028-11-07T00:00:00Z
30829,Democratic Presidential Nominee 2028,1264485222.5733736,80047876.67593,128,559731,Will Person AX win the 2028 Democratic presidential nomination?,,False,0.0,1.0,2028-11-07T00:00:00Z
30829,Democratic Presidential Nominee 2028,1264485222.5733736,80047876.67593,128,559732,Will Person AY win the 2028 Democratic presidential nomination?,,False,0.0,1.0,2028-11-07T00:00:00Z
30829,Democratic Presidential Nominee 2028,1264485222.5733736,80047876.67593,128,559733,Will Person AZ win the 2028 Democratic presidential nomination?,,False,0.0,1.0,2028-11-07T00:00:00Z
30829,Democratic Presidential Nominee 2028,1264485222.5733736,80047876.67593,128,559734,Will Person BA win the 2028 Democratic presidential nomination?,,False,0.0,1.0,2028-11-07T00:00:00Z
30829,Democratic Presidential Nominee 2028,1264485222.5733736,80047876.67593,128,559735,Will Person BB win the 2028 Democratic presidential nomination?,,False,0.0,1.0,2028-11-07T00:00:00Z
30829,Democratic Presidential Nominee 2028,1264485222.5733736,80047876.67593,128,559736,Will Person BC win the 2028 Democratic presidential nomination?,,False,0.0,1.0,2028-11-07T00:00:00Z
30829,Democratic Presidential Nominee 2028,1264485222.5733736,80047876.67593,128,559737,Will Person BD win the 2028 Democratic presidential nomination?,,False,0.0,1.0,2028-11-07T00:00:00Z
30829,Democratic Presidential Nominee 2028,1264485222.5733736,80047876.67593,128,559738,Will Person BE win the 2028 Democratic presidential nomination?,,False,0.0,1.0,2028-11-07T00:00:00Z
30829,Democratic Presidential Nominee 2028,1264485222.5733736,80047876.67593,128,559739,Will Person BF win the 2028 Democratic presidential nomination?,,False,0.0,1.0,2028-11-07T00:00:00Z
30829,Democratic Presidential Nominee 2028,1264485222.5733736,80047876.67593,128,559740,Will Person BG win the 2028 Democratic presidential nomination?,,False,0.0,1.0,2028-11-07T00:00:00Z
30829,Democratic Presidential Nominee 2028,1264485222.5733736,80047876.67593,128,559741,Will Person BH win the 2028 Democratic presidential nomination?,,False,0.0,1.0,2028-11-07T00:00:00Z
30829,Democratic Presidential Nominee 2028,1264485222.5733736,80047876.67593,128,559742,Will Person BI win the 2028 Democratic presidential nomination?,,False,0.0,1.0,2028-11-07T00:00:00Z
30829,Democratic Presidential Nominee 2028,1264485222.5733736,80047876.67593,128,559743,Will Person BJ win the 2028 Democratic presidential nomination?,,False,0.0,1.0,2028-11-07T00:00:00Z
30829,Democratic Presidential Nominee 2028,1264485222.5733736,80047876.67593,128,559744,Will Person BK win the 2028 Democratic presidential nomination?,,False,0.0,1.0,2028-11-07T00:00:00Z
30829,Democratic Presidential Nominee 2028,1264485222.5733736,80047876.67593,128,559745,Will Person BL win the 2028 Democratic presidential nomination?,,False,0.0,1.0,2028-11-07T00:00:00Z
30829,Democratic Presidential Nominee 2028,1264485222.5733736,80047876.67593,128,559746,Will Person BM win the 2028 Democratic presidential nomination?,,False,0.0,1.0,2028-11-07T00:00:00Z
30829,Democratic Presidential Nominee 2028,1264485222.5733736,80047876.67593,128,559747,Will Person BN win the 2028 Democratic presidential nomination?,,False,0.0,1.0,2028-11-07T00:00:00Z
30829,Democratic Presidential Nominee 2028,1264485222.5733736,80047876.67593,128,559748,Will Person BO win the 2028 Democratic presidential nomination?,,False,0.0,1.0,2028-11-07T00:00:00Z
30829,Democratic Presidential Nominee 2028,1264485222.5733736,80047876.67593,128,559749,Will Person BP win the 2028 Democratic presidential nomination?,,False,0.0,1.0,2028-11-07T00:00:00Z
30829,Democratic Presidential Nominee 2028,1264485222.5733736,80047876.67593,128,559750,Will Person BQ win the 2028 Democratic presidential nomination?,,False,0.0,1.0,2028-11-07T00:00:00Z
30829,Democratic Presidential Nominee 2028,1264485222.5733736,80047876.67593,128,559751,Will Person BR win the 2028 Democratic presidential nomination?,,False,0.0,1.0,2028-11-07T00:00:00Z
30829,Democratic Presidential Nominee 2028,1264485222.5733736,80047876.67593,128,559752,Will Person BS win the 2028 Democratic presidential nomination?,,False,0.0,1.0,2028-11-07T00:00:00Z
30829,Democratic Presidential Nominee 2028,1264485222.5733736,80047876.67593,128,559753,Will Person BT win the 2028 Democratic presidential nomination?,,False,0.0,1.0,2028-11-07T00:00:00Z
30829,Democratic Presidential Nominee 2028,1264485222.5733736,80047876.67593,128,559754,Will Person BU win the 2028 Democratic presidential nomination?,,False,0.0,1.0,2028-11-07T00:00:00Z
30829,Democratic Presidential Nominee 2028,1264485222.5733736,80047876.67593,128,559755,Will Person BV win the 2028 Democratic presidential nomination?,,False,0.0,1.0,2028-11-07T00:00:00Z
30829,Democratic Presidential Nominee 2028,1264485222.5733736,80047876.67593,128,559756,Will Person BW win the 2028 Democratic presidential nomination?,,False,0.0,1.0,2028-11-07T00:00:00Z
30829,Democratic Presidential Nominee 2028,1264485222.5733736,80047876.67593,128,559757,Will Person BX win the 2028 Democratic presidential nomination?,,False,0.0,1.0,2028-11-07T00:00:00Z
30829,Democratic Presidential Nominee 2028,1264485222.5733736,80047876.67593,128,559758,Will Person BY win the 2028 Democratic presidential nomination?,,False,0.0,1.0,2028-11-07T00:00:00Z
30829,Democratic Presidential Nominee 2028,1264485222.5733736,80047876.67593,128,559759,Will Person BZ win the 2028 Democratic presidential nomination?,,False,0.0,1.0,2028-11-07T00:00:00Z
30829,Democratic Presidential Nominee 2028,1264485222.5733736,80047876.67593,128,559760,Will Person CA win the 2028 Democratic presidential nomination?,,False,0.0,1.0,2028-11-07T00:00:00Z
30829,Democratic Presidential Nominee 2028,1264485222.5733736,80047876.67593,128,559761,Will Person CB win the 2028 Democratic presidential nomination?,,False,0.0,1.0,2028-11-07T00:00:00Z
30829,Democratic Presidential Nominee 2028,1264485222.5733736,80047876.67593,128,559762,Will Person CC win the 2028 Democratic presidential nomination?,,False,0.0,1.0,2028-11-07T00:00:00Z
30829,Democratic Presidential Nominee 2028,1264485222.5733736,80047876.67593,128,559763,Will Person CD win the 2028 Democratic presidential nomination?,,False,0.0,1.0,2028-11-07T00:00:00Z
30829,Democratic Presidential Nominee 2028,1264485222.5733736,80047876.67593,128,559764,Will Person CE win the 2028 Democratic presidential nomination?,,False,0.0,1.0,2028-11-07T00:00:00Z
30829,Democratic Presidential Nominee 2028,1264485222.5733736,80047876.67593,128,559765,Will Person CF win the 2028 Democratic presidential nomination?,,False,0.0,1.0,2028-11-07T00:00:00Z
30829,Democratic Presidential Nominee 2028,1264485222.5733736,80047876.67593,128,559766,Will Person CG win the 2028 Democratic presidential nomination?,,False,0.0,1.0,2028-11-07T00:00:00Z
30829,Democratic Presidential Nominee 2028,1264485222.5733736,80047876.67593,128,559767,Will Person CH win the 2028 Democratic presidential nomination?,,False,0.0,1.0,2028-11-07T00:00:00Z
30829,Democratic Presidential Nominee 2028,1264485222.5733736,80047876.67593,128,559768,Will Person CI win the 2028 Democratic presidential nomination?,,False,0.0,1.0,2028-11-07T00:00:00Z
30829,Democratic Presidential Nominee 2028,1264485222.5733736,80047876.67593,128,559769,Will Person CJ win the 2028 Democratic presidential nomination?,,False,0.0,1.0,2028-11-07T00:00:00Z
30829,Democratic Presidential Nominee 2028,1264485222.5733736,80047876.67593,128,559770,Will Person CK win the 2028 Democratic presidential nomination?,,False,0.0,1.0,2028-11-07T00:00:00Z
30829,Democratic Presidential Nominee 2028,1264485222.5733736,80047876.67593,128,559771,Will Person CL win the 2028 Democratic presidential nomination?,,False,0.0,1.0,2028-11-07T00:00:00Z
30829,Democratic Presidential Nominee 2028,1264485222.5733736,80047876.67593,128,559772,Will Person CM win the 2028 Democratic presidential nomination?,,False,0.0,1.0,2028-11-07T00:00:00Z
30829,Democratic Presidential Nominee 2028,1264485222.5733736,80047876.67593,128,559773,Will Person CN win the 2028 Democratic presidential nomination?,,False,0.0,1.0,2028-11-07T00:00:00Z
30829,Democratic Presidential Nominee 2028,1264485222.5733736,80047876.67593,128,559774,Will Person CO win the 2028 Democratic presidential nomination?,,False,0.0,1.0,2028-11-07T00:00:00Z
30829,Democratic Presidential Nominee 2028,1264485222.5733736,80047876.67593,128,559775,Will Person CP win the 2028 Democratic presidential nomination?,,False,0.0,1.0,2028-11-07T00:00:00Z
30829,Democratic Presidential Nominee 2028,1264485222.5733736,80047876.67593,128,559776,Will Person CQ win the 2028 Democratic presidential nomination?,,False,0.0,1.0,2028-11-07T00:00:00Z
30829,Democratic Presidential Nominee 2028,1264485222.5733736,80047876.67593,128,559777,Will Person CR win the 2028 Democratic presidential nomination?,,False,0.0,1.0,2028-11-07T00:00:00Z
30829,Democratic Presidential Nominee 2028,1264485222.5733736,80047876.67593,128,559778,Will Person CS win the 2028 Democratic presidential nomination?,,False,0.0,1.0,2028-11-07T00:00:00Z
30829,Democratic Presidential Nominee 2028,1264485222.5733736,80047876.67593,128,559779,Will another person win the 2028 Democratic presidential nomination?,,False,0.0,1.0,2028-11-07T00:00:00Z
31552,Presidential Election Winner 2028,691117191.530249,63139690.48983,128,561229,Will JD Vance win the 2028 US Presidential Election?,0.2225,True,0.222,0.223,2028-11-07T00:00:00Z
31552,Presidential Election Winner 2028,691117191.530249,63139690.48983,128,561230,Will Gavin Newsom win the 2028 US Presidential Election?,0.082,True,0.081,0.083,2028-11-07T00:00:00Z
31552,Presidential Election Winner 2028,691117191.530249,63139690.48983,128,561231,Will Alexandria Ocasio-Cortez win the 2028 US Presidential Election?,0.1305,True,0.13,0.131,2028-11-07T00:00:00Z
31552,Presidential Election Winner 2028,691117191.530249,63139690.48983,128,561232,Will Pete Buttigieg win the 2028 US Presidential Election?,0.0245,True,0.024,0.025,2028-11-07T00:00:00Z
31552,Presidential Election Winner 2028,691117191.530249,63139690.48983,128,561233,Will Josh Shapiro win the 2028 US Presidential Election?,0.0245,True,0.024,0.025,2028-11-07T00:00:00Z
31552,Presidential Election Winner 2028,691117191.530249,63139690.48983,128,561234,Will Marco Rubio win the 2028 US Presidential Election?,0.1095,True,0.109,0.11,2028-11-07T00:00:00Z
31552,Presidential Election Winner 2028,691117191.530249,63139690.48983,128,561235,Will Wes Moore win the 2028 US Presidential Election?,0.008,True,0.007,0.009,2028-11-07T00:00:00Z
31552,Presidential Election Winner 2028,691117191.530249,63139690.48983,128,561236,Will Gretchen Whitmer win the 2028 US Presidential Election?,0.0045,True,0.004,0.005,2028-11-07T00:00:00Z
31552,Presidential Election Winner 2028,691117191.530249,63139690.48983,128,561237,Will Andy Beshear win the 2028 US Presidential Election?,0.01,True,0.009,0.011,2028-11-07T00:00:00Z
31552,Presidential Election Winner 2028,691117191.530249,63139690.48983,128,561238,Will Glenn Youngkin win the 2028 US Presidential Election?,0.0065,True,0.006,0.007,2028-11-07T00:00:00Z
31552,Presidential Election Winner 2028,691117191.530249,63139690.48983,128,561239,Will Kamala Harris win the 2028 US Presidential Election?,0.0375,True,0.037,0.038,2028-11-07T00:00:00Z
31552,Presidential Election Winner 2028,691117191.530249,63139690.48983,128,561240,Will Stephen Smith win the 2028 US Presidential Election?,0.0015,True,0.001,0.002,2028-11-07T00:00:00Z
31552,Presidential Election Winner 2028,691117191.530249,63139690.48983,128,561241,Will JB Pritzker win the 2028 US Presidential Election?,0.0035,True,0.003,0.004,2028-11-07T00:00:00Z
31552,Presidential Election Winner 2028,691117191.530249,63139690.48983,128,561242,Will Tulsi Gabbard win the 2028 US Presidential Election?,0.0025,True,0.002,0.003,2028-11-07T00:00:00Z
31552,Presidential Election Winner 2028,691117191.530249,63139690.48983,128,561243,Will Donald Trump win the 2028 US Presidential Election?,0.0235,True,0.023,0.024,2028-11-07T00:00:00Z
31552,Presidential Election Winner 2028,691117191.530249,63139690.48983,128,561244,Will Donald Trump Jr. win the 2028 US Presidential Election?,0.0075,True,0.007,0.008,2028-11-07T00:00:00Z
31552,Presidential Election Winner 2028,691117191.530249,63139690.48983,128,561245,Will Nikki Haley win the 2028 US Presidential Election?,0.0055,True,0.005,0.006,2028-11-07T00:00:00Z
31552,Presidential Election Winner 2028,691117191.530249,63139690.48983,128,561246,Will Ron DeSantis win the 2028 US Presidential Election?,0.0145,True,0.014,0.015,2028-11-07T00:00:00Z
31552,Presidential Election Winner 2028,691117191.530249,63139690.48983,128,561247,Will Tim Walz win the 2028 US Presidential Election?,0.0015,True,0.001,0.002,2028-11-07T00:00:00Z
31552,Presidential Election Winner 2028,691117191.530249,63139690.48983,128,561248,Will Vivek Ramaswamy win the 2028 US Presidential Election?,0.0015,True,0.001,0.002,2028-11-07T00:00:00Z
31552,Presidential Election Winner 2028,691117191.530249,63139690.48983,128,561249,Will Greg Abbott win the 2028 US Presidential Election?,0.0085,True,0.008,0.009,2028-11-07T00:00:00Z
31552,Presidential Election Winner 2028,691117191.530249,63139690.48983,128,561250,Will Elon Musk win the 2028 US Presidential Election?,0.0065,True,0.006,0.007,2028-11-07T00:00:00Z
31552,Presidential Election Winner 2028,691117191.530249,63139690.48983,128,561251,Will LeBron James win the 2028 US Presidential Election?,0.0015,True,0.001,0.002,2028-11-07T00:00:00Z
31552,Presidential Election Winner 2028,691117191.530249,63139690.48983,128,561252,Will Dwayne 'The Rock' Johnson win the 2028 US Presidential Election?,0.0155,True,0.015,0.016,2028-11-07T00:00:00Z
31552,Presidential Election Winner 2028,691117191.530249,63139690.48983,128,561253,Will Tucker Carlson win the 2028 US Presidential Election?,0.0135,True,0.013,0.014,2028-11-07T00:00:00Z
31552,Presidential Election Winner 2028,691117191.530249,63139690.48983,128,561254,Will Kim Kardashian win the 2028 US Presidential Election?,0.0015,True,0.001,0.002,2028-11-07T00:00:00Z
31552,Presidential Election Winner 2028,691117191.530249,63139690.48983,128,561255,Will Ivanka Trump win the 2028 US Presidential Election?,0.005,True,0.004,0.006,2028-11-07T00:00:00Z
31552,Presidential Election Winner 2028,691117191.530249,63139690.48983,128,561256,Will Zohran Mamdani win the 2028 US Presidential Election?,0.0015,True,0.001,0.002,2028-11-07T00:00:00Z
31552,Presidential Election Winner 2028,691117191.530249,63139690.48983,128,561257,Will Michelle Obama win the 2028 US Presidential Election?,0.0055,True,0.005,0.006,2028-11-07T00:00:00Z
31552,Presidential Election Winner 2028,691117191.530249,63139690.48983,128,561258,Will Jamie Dimon win the 2028 US Presidential Election?,0.0065,True,0.006,0.007,2028-11-07T00:00:00Z
31552,Presidential Election Winner 2028,691117191.530249,63139690.48983,128,561259,Will Ro Khanna win the 2028 US Presidential Election?,0.0095,True,0.009,0.01,2028-11-07T00:00:00Z
31552,Presidential Election Winner 2028,691117191.530249,63139690.48983,128,561260,Will Thomas Massie win the 2028 US Presidential Election?,0.0105,True,0.01,0.011,2028-11-07T00:00:00Z
31552,Presidential Election Winner 2028,691117191.530249,63139690.48983,128,561261,Will Jon Ossoff win the 2028 US Presidential Election?,0.0975,True,0.097,0.098,2028-11-07T00:00:00Z
31552,Presidential Election Winner 2028,691117191.530249,63139690.48983,128,561262,Will James Talarico win the 2028 US Presidential Election?,0.0065,True,0.006,0.007,2028-11-07T00:00:00Z
31552,Presidential Election Winner 2028,691117191.530249,63139690.48983,128,561263,Will Eric Trump win the 2028 US Presidential Election?,0.0015,True,0.001,0.002,2028-11-07T00:00:00Z
31552,Presidential Election Winner 2028,691117191.530249,63139690.48983,128,561264,Will Pete Hegseth win the 2028 US Presidential Election?,0.0015,True,0.001,0.002,2028-11-07T00:00:00Z
31552,Presidential Election Winner 2028,691117191.530249,63139690.48983,128,561265,Will Jalen Brunson win the 2028 US Presidential Election?,0.0005,True,,0.001,2028-11-07T00:00:00Z
31552,Presidential Election Winner 2028,691117191.530249,63139690.48983,128,561266,Will Abigail Spanberger win the 2028 US Presidential Election?,0.0005,True,,0.001,2028-11-07T00:00:00Z
31552,Presidential Election Winner 2028,691117191.530249,63139690.48983,128,561267,Will Hakeem Jeffries win the 2028 US Presidential Election?,0.0005,True,,0.001,2028-11-07T00:00:00Z
31552,Presidential Election Winner 2028,691117191.530249,63139690.48983,128,561268,Will Elissa Slotkin win the 2028 US Presidential Election?,0.0015,True,0.001,0.002,2028-11-07T00:00:00Z
31552,Presidential Election Winner 2028,691117191.530249,63139690.48983,128,561269,Will Adam Schiff win the 2028 US Presidential Election?,0.0015,True,0.001,0.002,2028-11-07T00:00:00Z
31552,Presidential Election Winner 2028,691117191.530249,63139690.48983,128,561270,Will Josh Stein win the 2028 US Presidential Election?,0.0015,True,0.001,0.002,2028-11-07T00:00:00Z
31552,Presidential Election Winner 2028,691117191.530249,63139690.48983,128,561271,Will Alex Padilla win the 2028 US Presidential Election?,0.0005,True,,0.001,2028-11-07T00:00:00Z
31552,Presidential Election Winner 2028,691117191.530249,63139690.48983,128,561272,Will Candace Owens win the 2028 US Presidential Election?,0.0005,True,,0.001,2028-11-07T00:00:00Z
31552,Presidential Election Winner 2028,691117191.530249,63139690.48983,128,561273,Will Tim Scott win the 2028 US Presidential Election?,0.0015,True,0.001,0.002,2028-11-07T00:00:00Z
31552,Presidential Election Winner 2028,691117191.530249,63139690.48983,128,561274,Will Mike Johnson win the 2028 US Presidential Election?,0.0005,True,,0.001,2028-11-07T00:00:00Z
31552,Presidential Election Winner 2028,691117191.530249,63139690.48983,128,561275,Will Doug Burgum win the 2028 US Presidential Election?,0.0015,True,0.001,0.002,2028-11-07T00:00:00Z
31552,Presidential Election Winner 2028,691117191.530249,63139690.48983,128,561276,Will Tom Cotton win the 2028 US Presidential Election?,0.0015,True,0.001,0.002,2028-11-07T00:00:00Z
31552,Presidential Election Winner 2028,691117191.530249,63139690.48983,128,561277,Will John N. Kennedy win the 2028 US Presidential Election?,0.0005,True,,0.001,2028-11-07T00:00:00Z
31552,Presidential Election Winner 2028,691117191.530249,63139690.48983,128,561278,Will Rick Scott win the 2028 US Presidential Election?,0.0015,True,0.001,0.002,2028-11-07T00:00:00Z
31552,Presidential Election Winner 2028,691117191.530249,63139690.48983,128,561279,Will Mark Kelly win the 2028 US Presidential Election?,0.0145,True,0.014,0.015,2028-11-07T00:00:00Z
31552,Presidential Election Winner 2028,691117191.530249,63139690.48983,128,561280,Will Raphael Warnock win the 2028 US Presidential Election?,0.0025,True,0.002,0.003,2028-11-07T00:00:00Z
31552,Presidential Election Winner 2028,691117191.530249,63139690.48983,128,561281,Will Person AF win the 2028 US Presidential Election?,,False,0.0,1.0,2028-11-07T00:00:00Z
31552,Presidential Election Winner 2028,691117191.530249,63139690.48983,128,561282,Will Person AG win the 2028 US Presidential Election?,,False,0.0,1.0,2028-11-07T00:00:00Z
31552,Presidential Election Winner 2028,691117191.530249,63139690.48983,128,561283,Will Person AH win the 2028 US Presidential Election?,,False,0.0,1.0,2028-11-07T00:00:00Z
31552,Presidential Election Winner 2028,691117191.530249,63139690.48983,128,561284,Will Person AI win the 2028 US Presidential Election?,,False,0.0,1.0,2028-11-07T00:00:00Z
31552,Presidential Election Winner 2028,691117191.530249,63139690.48983,128,561285,Will Person AJ win the 2028 US Presidential Election?,,False,0.0,1.0,2028-11-07T00:00:00Z
31552,Presidential Election Winner 2028,691117191.530249,63139690.48983,128,561286,Will Person AK win the 2028 US Presidential Election?,,False,0.0,1.0,2028-11-07T00:00:00Z
31552,Presidential Election Winner 2028,691117191.530249,63139690.48983,128,561287,Will Person AL win the 2028 US Presidential Election?,,False,0.0,1.0,2028-11-07T00:00:00Z
31552,Presidential Election Winner 2028,691117191.530249,63139690.48983,128,561288,Will Person AM win the 2028 US Presidential Election?,,False,0.0,1.0,2028-11-07T00:00:00Z
31552,Presidential Election Winner 2028,691117191.530249,63139690.48983,128,561289,Will Person AN win the 2028 US Presidential Election?,,False,0.0,1.0,2028-11-07T00:00:00Z
31552,Presidential Election Winner 2028,691117191.530249,63139690.48983,128,561290,Will Person AO win the 2028 US Presidential Election?,,False,0.0,1.0,2028-11-07T00:00:00Z
31552,Presidential Election Winner 2028,691117191.530249,63139690.48983,128,561291,Will Person AP win the 2028 US Presidential Election?,,False,0.0,1.0,2028-11-07T00:00:00Z
31552,Presidential Election Winner 2028,691117191.530249,63139690.48983,128,561292,Will Person AQ win the 2028 US Presidential Election?,,False,0.0,1.0,2028-11-07T00:00:00Z
31552,Presidential Election Winner 2028,691117191.530249,63139690.48983,128,561293,Will Person AR win the 2028 US Presidential Election?,,False,0.0,1.0,2028-11-07T00:00:00Z
31552,Presidential Election Winner 2028,691117191.530249,63139690.48983,128,561294,Will Person AS win the 2028 US Presidential Election?,,False,0.0,1.0,2028-11-07T00:00:00Z
31552,Presidential Election Winner 2028,691117191.530249,63139690.48983,128,561295,Will Person AT win the 2028 US Presidential Election?,,False,0.0,1.0,2028-11-07T00:00:00Z
31552,Presidential Election Winner 2028,691117191.530249,63139690.48983,128,561296,Will Person AU win the 2028 US Presidential Election?,,False,0.0,1.0,2028-11-07T00:00:00Z
31552,Presidential Election Winner 2028,691117191.530249,63139690.48983,128,561297,Will Person AV win the 2028 US Presidential Election?,,False,0.0,1.0,2028-11-07T00:00:00Z
31552,Presidential Election Winner 2028,691117191.530249,63139690.48983,128,561298,Will Person AW win the 2028 US Presidential Election?,,False,0.0,1.0,2028-11-07T00:00:00Z
31552,Presidential Election Winner 2028,691117191.530249,63139690.48983,128,561299,Will Person AX win the 2028 US Presidential Election?,,False,0.0,1.0,2028-11-07T00:00:00Z
31552,Presidential Election Winner 2028,691117191.530249,63139690.48983,128,561300,Will Person AY win the 2028 US Presidential Election?,,False,0.0,1.0,2028-11-07T00:00:00Z
31552,Presidential Election Winner 2028,691117191.530249,63139690.48983,128,561301,Will Person AZ win the 2028 US Presidential Election?,,False,0.0,1.0,2028-11-07T00:00:00Z
31552,Presidential Election Winner 2028,691117191.530249,63139690.48983,128,561302,Will Person BA win the 2028 US Presidential Election?,,False,0.0,1.0,2028-11-07T00:00:00Z
31552,Presidential Election Winner 2028,691117191.530249,63139690.48983,128,561303,Will Person BB win the 2028 US Presidential Election?,,False,0.0,1.0,2028-11-07T00:00:00Z
31552,Presidential Election Winner 2028,691117191.530249,63139690.48983,128,561304,Will Person BC win the 2028 US Presidential Election?,,False,0.0,1.0,2028-11-07T00:00:00Z
31552,Presidential Election Winner 2028,691117191.530249,63139690.48983,128,561305,Will Person BD win the 2028 US Presidential Election?,,False,0.0,1.0,2028-11-07T00:00:00Z
31552,Presidential Election Winner 2028,691117191.530249,63139690.48983,128,561306,Will Person BE win the 2028 US Presidential Election?,,False,0.0,1.0,2028-11-07T00:00:00Z
31552,Presidential Election Winner 2028,691117191.530249,63139690.48983,128,561307,Will Person BF win the 2028 US Presidential Election?,,False,0.0,1.0,2028-11-07T00:00:00Z
31552,Presidential Election Winner 2028,691117191.530249,63139690.48983,128,561308,Will Person BG win the 2028 US Presidential Election?,,False,0.0,1.0,2028-11-07T00:00:00Z
31552,Presidential Election Winner 2028,691117191.530249,63139690.48983,128,561309,Will Person BH win the 2028 US Presidential Election?,,False,0.0,1.0,2028-11-07T00:00:00Z
31552,Presidential Election Winner 2028,691117191.530249,63139690.48983,128,561310,Will Person BI win the 2028 US Presidential Election?,,False,0.0,1.0,2028-11-07T00:00:00Z
31552,Presidential Election Winner 2028,691117191.530249,63139690.48983,128,561311,Will Person BJ win the 2028 US Presidential Election?,,False,0.0,1.0,2028-11-07T00:00:00Z
31552,Presidential Election Winner 2028,691117191.530249,63139690.48983,128,561312,Will Person BK win the 2028 US Presidential Election?,,False,0.0,1.0,2028-11-07T00:00:00Z
31552,Presidential Election Winner 2028,691117191.530249,63139690.48983,128,561313,Will Person BL win the 2028 US Presidential Election?,,False,0.0,1.0,2028-11-07T00:00:00Z
31552,Presidential Election Winner 2028,691117191.530249,63139690.48983,128,561314,Will Person BM win the 2028 US Presidential Election?,,False,0.0,1.0,2028-11-07T00:00:00Z
31552,Presidential Election Winner 2028,691117191.530249,63139690.48983,128,561315,Will Person BN win the 2028 US Presidential Election?,,False,0.0,1.0,2028-11-07T00:00:00Z
31552,Presidential Election Winner 2028,691117191.530249,63139690.48983,128,561316,Will Person BO win the 2028 US Presidential Election?,,False,0.0,1.0,2028-11-07T00:00:00Z
31552,Presidential Election Winner 2028,691117191.530249,63139690.48983,128,561317,Will Person BP win the 2028 US Presidential Election?,,False,0.0,1.0,2028-11-07T00:00:00Z
31552,Presidential Election Winner 2028,691117191.530249,63139690.48983,128,561318,Will Person BQ win the 2028 US Presidential Election?,,False,0.0,1.0,2028-11-07T00:00:00Z
31552,Presidential Election Winner 2028,691117191.530249,63139690.48983,128,561319,Will Person BR win the 2028 US Presidential Election?,,False,0.0,1.0,2028-11-07T00:00:00Z
31552,Presidential Election Winner 2028,691117191.530249,63139690.48983,128,561320,Will Person BS win the 2028 US Presidential Election?,,False,0.0,1.0,2028-11-07T00:00:00Z
31552,Presidential Election Winner 2028,691117191.530249,63139690.48983,128,561321,Will Person BT win the 2028 US Presidential Election?,,False,0.0,1.0,2028-11-07T00:00:00Z
31552,Presidential Election Winner 2028,691117191.530249,63139690.48983,128,561322,Will Person BU win the 2028 US Presidential Election?,,False,0.0,1.0,2028-11-07T00:00:00Z
31552,Presidential Election Winner 2028,691117191.530249,63139690.48983,128,561323,Will Person BV win the 2028 US Presidential Election?,,False,0.0,1.0,2028-11-07T00:00:00Z
31552,Presidential Election Winner 2028,691117191.530249,63139690.48983,128,561324,Will Person BW win the 2028 US Presidential Election?,,False,0.0,1.0,2028-11-07T00:00:00Z
31552,Presidential Election Winner 2028,691117191.530249,63139690.48983,128,561325,Will Person BX win the 2028 US Presidential Election?,,False,0.0,1.0,2028-11-07T00:00:00Z
31552,Presidential Election Winner 2028,691117191.530249,63139690.48983,128,561326,Will Person BY win the 2028 US Presidential Election?,,False,0.0,1.0,2028-11-07T00:00:00Z
31552,Presidential Election Winner 2028,691117191.530249,63139690.48983,128,561327,Will Person BZ win the 2028 US Presidential Election?,,False,0.0,1.0,2028-11-07T00:00:00Z
31552,Presidential Election Winner 2028,691117191.530249,63139690.48983,128,561328,Will Person CA win the 2028 US Presidential Election?,,False,0.0,1.0,2028-11-07T00:00:00Z
31552,Presidential Election Winner 2028,691117191.530249,63139690.48983,128,561329,Will Person CB win the 2028 US Presidential Election?,,False,0.0,1.0,2028-11-07T00:00:00Z
31552,Presidential Election Winner 2028,691117191.530249,63139690.48983,128,561330,Will Person CC win the 2028 US Presidential Election?,,False,0.0,1.0,2028-11-07T00:00:00Z
31552,Presidential Election Winner 2028,691117191.530249,63139690.48983,128,561331,Will Person CD win the 2028 US Presidential Election?,,False,0.0,1.0,2028-11-07T00:00:00Z
31552,Presidential Election Winner 2028,691117191.530249,63139690.48983,128,561332,Will Person CE win the 2028 US Presidential Election?,,False,0.0,1.0,2028-11-07T00:00:00Z
31552,Presidential Election Winner 2028,691117191.530249,63139690.48983,128,561333,Will Person CF win the 2028 US Presidential Election?,,False,0.0,1.0,2028-11-07T00:00:00Z
31552,Presidential Election Winner 2028,691117191.530249,63139690.48983,128,561334,Will Person CG win the 2028 US Presidential Election?,,False,0.0,1.0,2028-11-07T00:00:00Z
31552,Presidential Election Winner 2028,691117191.530249,63139690.48983,128,561335,Will Person CH win the 2028 US Presidential Election?,,False,0.0,1.0,2028-11-07T00:00:00Z
31552,Presidential Election Winner 2028,691117191.530249,63139690.48983,128,561336,Will Person CI win the 2028 US Presidential Election?,,False,0.0,1.0,2028-11-07T00:00:00Z
31552,Presidential Election Winner 2028,691117191.530249,63139690.48983,128,561337,Will Person CJ win the 2028 US Presidential Election?,,False,0.0,1.0,2028-11-07T00:00:00Z
31552,Presidential Election Winner 2028,691117191.530249,63139690.48983,128,561338,Will Person CK win the 2028 US Presidential Election?,,False,0.0,1.0,2028-11-07T00:00:00Z
31552,Presidential Election Winner 2028,691117191.530249,63139690.48983,128,561339,Will Person CL win the 2028 US Presidential Election?,,False,0.0,1.0,2028-11-07T00:00:00Z
31552,Presidential Election Winner 2028,691117191.530249,63139690.48983,128,561340,Will Person CM win the 2028 US Presidential Election?,,False,0.0,1.0,2028-11-07T00:00:00Z
31552,Presidential Election Winner 2028,691117191.530249,63139690.48983,128,561341,Will Person CN win the 2028 US Presidential Election?,,False,0.0,1.0,2028-11-07T00:00:00Z
31552,Presidential Election Winner 2028,691117191.530249,63139690.48983,128,561342,Will Person CO win the 2028 US Presidential Election?,,False,0.0,1.0,2028-11-07T00:00:00Z
31552,Presidential Election Winner 2028,691117191.530249,63139690.48983,128,561343,Will Person CP win the 2028 US Presidential Election?,,False,0.0,1.0,2028-11-07T00:00:00Z
31552,Presidential Election Winner 2028,691117191.530249,63139690.48983,128,561344,Will Person CQ win the 2028 US Presidential Election?,,False,0.0,1.0,2028-11-07T00:00:00Z
31552,Presidential Election Winner 2028,691117191.530249,63139690.48983,128,561345,Will Person CR win the 2028 US Presidential Election?,,False,0.0,1.0,2028-11-07T00:00:00Z
31552,Presidential Election Winner 2028,691117191.530249,63139690.48983,128,561346,Will Person CS win the 2028 US Presidential Election?,,False,0.0,1.0,2028-11-07T00:00:00Z
31552,Presidential Election Winner 2028,691117191.530249,63139690.48983,128,561347,Will Person CT win the 2028 US Presidential Election?,,False,0.0,1.0,2028-11-07T00:00:00Z
31552,Presidential Election Winner 2028,691117191.530249,63139690.48983,128,561348,Will Person CU win the 2028 US Presidential Election?,,False,0.0,1.0,2028-11-07T00:00:00Z
31552,Presidential Election Winner 2028,691117191.530249,63139690.48983,128,561349,Will Person CV win the 2028 US Presidential Election?,,False,0.0,1.0,2028-11-07T00:00:00Z
31552,Presidential Election Winner 2028,691117191.530249,63139690.48983,128,561350,Will Person CW win the 2028 US Presidential Election?,,False,0.0,1.0,2028-11-07T00:00:00Z
31552,Presidential Election Winner 2028,691117191.530249,63139690.48983,128,561351,Will Person CX win the 2028 US Presidential Election?,,False,0.0,1.0,2028-11-07T00:00:00Z
31552,Presidential Election Winner 2028,691117191.530249,63139690.48983,128,561352,Will Person CY win the 2028 US Presidential Election?,,False,0.0,1.0,2028-11-07T00:00:00Z
31552,Presidential Election Winner 2028,691117191.530249,63139690.48983,128,561353,Will Person CZ win the 2028 US Presidential Election?,,False,0.0,1.0,2028-11-07T00:00:00Z
31552,Presidential Election Winner 2028,691117191.530249,63139690.48983,128,561354,Will Person DA win the 2028 US Presidential Election?,,False,0.0,1.0,2028-11-07T00:00:00Z
31552,Presidential Election Winner 2028,691117191.530249,63139690.48983,128,561355,Will Person DB win the 2028 US Presidential Election?,,False,0.0,1.0,2028-11-07T00:00:00Z
31552,Presidential Election Winner 2028,691117191.530249,63139690.48983,128,561357,Will another person win the 2028 US Presidential Election?,,False,0.0,1.0,2028-11-07T00:00:00Z
31875,Republican Presidential Nominee 2028,689949834.3052603,57339541.81467,128,561973,Will Donald Trump win the 2028 Republican presidential nomination?,0.0225,True,0.022,0.023,2028-11-07T00:00:00Z
31875,Republican Presidential Nominee 2028,689949834.3052603,57339541.81467,128,561974,Will J.D. Vance win the 2028 Republican presidential nomination?,0.4735,True,0.473,0.474,2028-11-07T00:00:00Z
31875,Republican Presidential Nominee 2028,689949834.3052603,57339541.81467,128,561975,Will Marco Rubio win the 2028 Republican presidential nomination?,0.2055,True,0.205,0.206,2028-11-07T00:00:00Z
31875,Republican Presidential Nominee 2028,689949834.3052603,57339541.81467,128,561976,Will Tulsi Gabbard win the 2028 Republican presidential nomination?,0.0045,True,0.004,0.005,2028-11-07T00:00:00Z
31875,Republican Presidential Nominee 2028,689949834.3052603,57339541.81467,128,561977,Will Glenn Youngkin win the 2028 Republican presidential nomination?,0.0095,True,0.009,0.01,2028-11-07T00:00:00Z
31875,Republican Presidential Nominee 2028,689949834.3052603,57339541.81467,128,561978,Will Donald Trump Jr. win the 2028 Republican presidential nomination?,0.018,True,0.016,0.02,2028-11-07T00:00:00Z
31875,Republican Presidential Nominee 2028,689949834.3052603,57339541.81467,128,561979,Will Ron DeSantis win the 2028 Republican presidential nomination?,0.0255,True,0.025,0.026,2028-11-07T00:00:00Z
31875,Republican Presidential Nominee 2028,689949834.3052603,57339541.81467,128,561980,Will Nikki Haley win the 2028 Republican presidential nomination?,0.0025,True,0.002,0.003,2028-11-07T00:00:00Z
31875,Republican Presidential Nominee 2028,689949834.3052603,57339541.81467,128,561981,Will Vivek Ramaswamy win the 2028 Republican presidential nomination?,0.0085,True,0.008,0.009,2028-11-07T00:00:00Z
31875,Republican Presidential Nominee 2028,689949834.3052603,57339541.81467,128,561982,Will Sarah Huckabee Sanders win the 2028 Republican presidential nomination?,0.0055,True,0.005,0.006,2028-11-07T00:00:00Z
31875,Republican Presidential Nominee 2028,689949834.3052603,57339541.81467,128,561983,Will Greg Abbott win the 2028 Republican presidential nomination?,0.0055,True,0.005,0.006,2028-11-07T00:00:00Z
31875,Republican Presidential Nominee 2028,689949834.3052603,57339541.81467,128,561984,Will Robert F. Kennedy Jr. win the 2028 Republican presidential nomination?,0.0045,True,0.004,0.005,2028-11-07T00:00:00Z
31875,Republican Presidential Nominee 2028,689949834.3052603,57339541.81467,128,561985,Will Brian Kemp win the 2028 Republican presidential nomination?,0.0035,True,0.003,0.004,2028-11-07T00:00:00Z
31875,Republican Presidential Nominee 2028,689949834.3052603,57339541.81467,128,561986,Will Byron Donalds win the 2028 Republican presidential nomination?,0.0035,True,0.003,0.004,2028-11-07T00:00:00Z
31875,Republican Presidential Nominee 2028,689949834.3052603,57339541.81467,128,561987,Will Elise Stefanik win the 2028 Republican presidential nomination?,0.0045,True,0.004,0.005,2028-11-07T00:00:00Z
31875,Republican Presidential Nominee 2028,689949834.3052603,57339541.81467,128,561988,Will Josh Hawley win the 2028 Republican presidential nomination?,0.0035,True,0.003,0.004,2028-11-07T00:00:00Z
31875,Republican Presidential Nominee 2028,689949834.3052603,57339541.81467,128,561989,Will Ted Cruz win the 2028 Republican presidential nomination?,0.0095,True,0.009,0.01,2028-11-07T00:00:00Z
31875,Republican Presidential Nominee 2028,689949834.3052603,57339541.81467,128,561990,Will Elon Musk win the 2028 Republican presidential nomination?,0.0075,True,0.007,0.008,2028-11-07T00:00:00Z
31875,Republican Presidential Nominee 2028,689949834.3052603,57339541.81467,128,561991,Will Matt Gaetz win the 2028 Republican presidential nomination?,0.0015,True,0.001,0.002,2028-11-07T00:00:00Z
31875,Republican Presidential Nominee 2028,689949834.3052603,57339541.81467,128,561992,Will Katie Britt win the 2028 Republican presidential nomination?,0.0025,True,0.002,0.003,2028-11-07T00:00:00Z
31875,Republican Presidential Nominee 2028,689949834.3052603,57339541.81467,128,561993,Will John Thune win the 2028 Republican presidential nomination?,0.0015,True,0.001,0.002,2028-11-07T00:00:00Z
31875,Republican Presidential Nominee 2028,689949834.3052603,57339541.81467,128,561994,Will Kristi Noem win the 2028 Republican presidential nomination?,0.0025,True,0.002,0.003,2028-11-07T00:00:00Z
31875,Republican Presidential Nominee 2028,689949834.3052603,57339541.81467,128,561995,Will Mike Pence win the 2028 Republican presidential nomination?,0.0025,True,0.002,0.003,2028-11-07T00:00:00Z
31875,Republican Presidential Nominee 2028,689949834.3052603,57339541.81467,128,561996,Will Tucker Carlson win the 2028 Republican presidential nomination?,0.022,True,0.021,0.023,2028-11-07T00:00:00Z
31875,Republican Presidential Nominee 2028,689949834.3052603,57339541.81467,128,561997,Will Robert F. Kennedy Jr. win the 2028 Republican presidential nomination?,0.49,True,,0.98,2028-11-07T00:00:00Z
31875,Republican Presidential Nominee 2028,689949834.3052603,57339541.81467,128,561998,Will Ivanka Trump win the 2028 Republican presidential nomination?,0.007,True,0.006,0.008,2028-11-07T00:00:00Z
31875,Republican Presidential Nominee 2028,689949834.3052603,57339541.81467,128,561999,Will Tom Brady win the 2028 Republican presidential nomination?,0.0025,True,0.002,0.003,2028-11-07T00:00:00Z
31875,Republican Presidential Nominee 2028,689949834.3052603,57339541.81467,128,562000,Will Rand Paul win the 2028 Republican presidential nomination?,0.0045,True,0.004,0.005,2028-11-07T00:00:00Z
31875,Republican Presidential Nominee 2028,689949834.3052603,57339541.81467,128,562001,Will Steve Bannon win the 2028 Republican presidential nomination?,0.0035,True,0.003,0.004,2028-11-07T00:00:00Z
31875,Republican Presidential Nominee 2028,689949834.3052603,57339541.81467,128,562002,Will Erika Kirk win the 2028 Republican presidential nomination?,0.0025,True,0.002,0.003,2028-11-07T00:00:00Z
31875,Republican Presidential Nominee 2028,689949834.3052603,57339541.81467,128,562003,Will Kim Kardashian win the 2028 Republican presidential nomination?,0.0035,True,0.003,0.004,2028-11-07T00:00:00Z
31875,Republican Presidential Nominee 2028,689949834.3052603,57339541.81467,128,562004,Will Marjorie Taylor Greene win the 2028 Republican presidential nomination?,0.0035,True,0.003,0.004,2028-11-07T00:00:00Z
31875,Republican Presidential Nominee 2028,689949834.3052603,57339541.81467,128,562005,Will Thomas Massie win the 2028 Republican presidential nomination?,0.0075,True,0.007,0.008,2028-11-07T00:00:00Z
31875,Republican Presidential Nominee 2028,689949834.3052603,57339541.81467,128,562006,Will Eric Trump win the 2028 Republican presidential nomination?,0.003,True,0.002,0.004,2028-11-07T00:00:00Z
31875,Republican Presidential Nominee 2028,689949834.3052603,57339541.81467,128,562007,Will Joe Kent win the 2028 Republican presidential nomination?,0.0025,True,0.002,0.003,2028-11-07T00:00:00Z
31875,Republican Presidential Nominee 2028,689949834.3052603,57339541.81467,128,562008,Will Pete Hegseth win the 2028 Republican presidential nomination?,0.0025,True,0.002,0.003,2028-11-07T00:00:00Z
31875,Republican Presidential Nominee 2028,689949834.3052603,57339541.81467,128,562009,Will Candace Owens win the 2028 Republican presidential nomination?,0.0025,True,0.002,0.003,2028-11-07T00:00:00Z
31875,Republican Presidential Nominee 2028,689949834.3052603,57339541.81467,128,562010,Will Tim Scott win the 2028 Republican presidential nomination?,0.0005,True,,0.001,2028-11-07T00:00:00Z
31875,Republican Presidential Nominee 2028,689949834.3052603,57339541.81467,128,562011,Will Mike Johnson win the 2028 Republican presidential nomination?,0.0005,True,,0.001,2028-11-07T00:00:00Z
31875,Republican Presidential Nominee 2028,689949834.3052603,57339541.81467,128,562012,Will Doug Burgum win the 2028 Republican presidential nomination?,0.0015,True,0.001,0.002,2028-11-07T00:00:00Z
31875,Republican Presidential Nominee 2028,689949834.3052603,57339541.81467,128,562013,Will Tom Cotton win the 2028 Republican presidential nomination?,0.0015,True,0.001,0.002,2028-11-07T00:00:00Z
31875,Republican Presidential Nominee 2028,689949834.3052603,57339541.81467,128,562014,Will John N. Kennedy win the 2028 Republican presidential nomination?,0.0015,True,0.001,0.002,2028-11-07T00:00:00Z
31875,Republican Presidential Nominee 2028,689949834.3052603,57339541.81467,128,562015,Will Rick Scott win the 2028 Republican presidential nomination?,0.0015,True,0.001,0.002,2028-11-07T00:00:00Z
31875,Republican Presidential Nominee 2028,689949834.3052603,57339541.81467,128,562016,Will Person U win the 2028 Republican presidential nomination?,,False,0.0,1.0,2028-11-07T00:00:00Z
31875,Republican Presidential Nominee 2028,689949834.3052603,57339541.81467,128,562017,Will Person V win the 2028 Republican presidential nomination?,,False,0.0,1.0,2028-11-07T00:00:00Z
31875,Republican Presidential Nominee 2028,689949834.3052603,57339541.81467,128,562018,Will Person W win the 2028 Republican presidential nomination?,,False,0.0,1.0,2028-11-07T00:00:00Z
31875,Republican Presidential Nominee 2028,689949834.3052603,57339541.81467,128,562019,Will Person X win the 2028 Republican presidential nomination?,,False,0.0,1.0,2028-11-07T00:00:00Z
31875,Republican Presidential Nominee 2028,689949834.3052603,57339541.81467,128,562020,Will Person Y win the 2028 Republican presidential nomination?,,False,0.0,1.0,2028-11-07T00:00:00Z
31875,Republican Presidential Nominee 2028,689949834.3052603,57339541.81467,128,562021,Will Person Z win the 2028 Republican presidential nomination?,,False,0.0,1.0,2028-11-07T00:00:00Z
31875,Republican Presidential Nominee 2028,689949834.3052603,57339541.81467,128,562022,Will Person AA win the 2028 Republican presidential nomination?,,False,0.0,1.0,2028-11-07T00:00:00Z
31875,Republican Presidential Nominee 2028,689949834.3052603,57339541.81467,128,562023,Will Person AB win the 2028 Republican presidential nomination?,,False,0.0,1.0,2028-11-07T00:00:00Z
31875,Republican Presidential Nominee 2028,689949834.3052603,57339541.81467,128,562024,Will Person AC win the 2028 Republican presidential nomination?,,False,0.0,1.0,2028-11-07T00:00:00Z
31875,Republican Presidential Nominee 2028,689949834.3052603,57339541.81467,128,562025,Will Person AD win the 2028 Republican presidential nomination?,,False,0.0,1.0,2028-11-07T00:00:00Z
31875,Republican Presidential Nominee 2028,689949834.3052603,57339541.81467,128,562026,Will Person AE win the 2028 Republican presidential nomination?,,False,0.0,1.0,2028-11-07T00:00:00Z
31875,Republican Presidential Nominee 2028,689949834.3052603,57339541.81467,128,562027,Will Person AF win the 2028 Republican presidential nomination?,,False,0.0,1.0,2028-11-07T00:00:00Z
31875,Republican Presidential Nominee 2028,689949834.3052603,57339541.81467,128,562028,Will Person AG win the 2028 Republican presidential nomination?,,False,0.0,1.0,2028-11-07T00:00:00Z
31875,Republican Presidential Nominee 2028,689949834.3052603,57339541.81467,128,562029,Will Person AH win the 2028 Republican presidential nomination?,,False,0.0,1.0,2028-11-07T00:00:00Z
31875,Republican Presidential Nominee 2028,689949834.3052603,57339541.81467,128,562030,Will Person AI win the 2028 Republican presidential nomination?,,False,0.0,1.0,2028-11-07T00:00:00Z
31875,Republican Presidential Nominee 2028,689949834.3052603,57339541.81467,128,562031,Will Person AJ win the 2028 Republican presidential nomination?,,False,0.0,1.0,2028-11-07T00:00:00Z
31875,Republican Presidential Nominee 2028,689949834.3052603,57339541.81467,128,562032,Will Person AK win the 2028 Republican presidential nomination?,,False,0.0,1.0,2028-11-07T00:00:00Z
31875,Republican Presidential Nominee 2028,689949834.3052603,57339541.81467,128,562033,Will Person AL win the 2028 Republican presidential nomination?,,False,0.0,1.0,2028-11-07T00:00:00Z
31875,Republican Presidential Nominee 2028,689949834.3052603,57339541.81467,128,562034,Will Person AM win the 2028 Republican presidential nomination?,,False,0.0,1.0,2028-11-07T00:00:00Z
31875,Republican Presidential Nominee 2028,689949834.3052603,57339541.81467,128,562035,Will Person AN win the 2028 Republican presidential nomination?,,False,0.0,1.0,2028-11-07T00:00:00Z
31875,Republican Presidential Nominee 2028,689949834.3052603,57339541.81467,128,562036,Will Person AO win the 2028 Republican presidential nomination?,,False,0.0,1.0,2028-11-07T00:00:00Z
31875,Republican Presidential Nominee 2028,689949834.3052603,57339541.81467,128,562037,Will Person AP win the 2028 Republican presidential nomination?,,False,0.0,1.0,2028-11-07T00:00:00Z
31875,Republican Presidential Nominee 2028,689949834.3052603,57339541.81467,128,562038,Will Person AQ win the 2028 Republican presidential nomination?,,False,0.0,1.0,2028-11-07T00:00:00Z
31875,Republican Presidential Nominee 2028,689949834.3052603,57339541.81467,128,562039,Will Person AR win the 2028 Republican presidential nomination?,,False,0.0,1.0,2028-11-07T00:00:00Z
31875,Republican Presidential Nominee 2028,689949834.3052603,57339541.81467,128,562040,Will Person AS win the 2028 Republican presidential nomination?,,False,0.0,1.0,2028-11-07T00:00:00Z
31875,Republican Presidential Nominee 2028,689949834.3052603,57339541.81467,128,562041,Will Person AT win the 2028 Republican presidential nomination?,,False,0.0,1.0,2028-11-07T00:00:00Z
31875,Republican Presidential Nominee 2028,689949834.3052603,57339541.81467,128,562042,Will Person AU win the 2028 Republican presidential nomination?,,False,0.0,1.0,2028-11-07T00:00:00Z
31875,Republican Presidential Nominee 2028,689949834.3052603,57339541.81467,128,562043,Will Person AV win the 2028 Republican presidential nomination?,,False,0.0,1.0,2028-11-07T00:00:00Z
31875,Republican Presidential Nominee 2028,689949834.3052603,57339541.81467,128,562044,Will Person AW win the 2028 Republican presidential nomination?,,False,0.0,1.0,2028-11-07T00:00:00Z
31875,Republican Presidential Nominee 2028,689949834.3052603,57339541.81467,128,562045,Will Person AX win the 2028 Republican presidential nomination?,,False,0.0,1.0,2028-11-07T00:00:00Z
31875,Republican Presidential Nominee 2028,689949834.3052603,57339541.81467,128,562046,Will Person AY win the 2028 Republican presidential nomination?,,False,0.0,1.0,2028-11-07T00:00:00Z
31875,Republican Presidential Nominee 2028,689949834.3052603,57339541.81467,128,562047,Will Person AZ win the 2028 Republican presidential nomination?,,False,0.0,1.0,2028-11-07T00:00:00Z
31875,Republican Presidential Nominee 2028,689949834.3052603,57339541.81467,128,562048,Will Person BA win the 2028 Republican presidential nomination?,,False,0.0,1.0,2028-11-07T00:00:00Z
31875,Republican Presidential Nominee 2028,689949834.3052603,57339541.81467,128,562049,Will Person BB win the 2028 Republican presidential nomination?,,False,0.0,1.0,2028-11-07T00:00:00Z
31875,Republican Presidential Nominee 2028,689949834.3052603,57339541.81467,128,562050,Will Person BC win the 2028 Republican presidential nomination?,,False,0.0,1.0,2028-11-07T00:00:00Z
31875,Republican Presidential Nominee 2028,689949834.3052603,57339541.81467,128,562051,Will Person BD win the 2028 Republican presidential nomination?,,False,0.0,1.0,2028-11-07T00:00:00Z
31875,Republican Presidential Nominee 2028,689949834.3052603,57339541.81467,128,562052,Will Person BE win the 2028 Republican presidential nomination?,,False,0.0,1.0,2028-11-07T00:00:00Z
31875,Republican Presidential Nominee 2028,689949834.3052603,57339541.81467,128,562053,Will Person BF win the 2028 Republican presidential nomination?,,False,0.0,1.0,2028-11-07T00:00:00Z
31875,Republican Presidential Nominee 2028,689949834.3052603,57339541.81467,128,562054,Will Person BG win the 2028 Republican presidential nomination?,,False,0.0,1.0,2028-11-07T00:00:00Z
31875,Republican Presidential Nominee 2028,689949834.3052603,57339541.81467,128,562055,Will Person BH win the 2028 Republican presidential nomination?,,False,0.0,1.0,2028-11-07T00:00:00Z
31875,Republican Presidential Nominee 2028,689949834.3052603,57339541.81467,128,562056,Will Person BI win the 2028 Republican presidential nomination?,,False,0.0,1.0,2028-11-07T00:00:00Z
31875,Republican Presidential Nominee 2028,689949834.3052603,57339541.81467,128,562057,Will Person BJ win the 2028 Republican presidential nomination?,,False,0.0,1.0,2028-11-07T00:00:00Z
31875,Republican Presidential Nominee 2028,689949834.3052603,57339541.81467,128,562058,Will Person BK win the 2028 Republican presidential nomination?,,False,0.0,1.0,2028-11-07T00:00:00Z
31875,Republican Presidential Nominee 2028,689949834.3052603,57339541.81467,128,562059,Will Person BL win the 2028 Republican presidential nomination?,,False,0.0,1.0,2028-11-07T00:00:00Z
31875,Republican Presidential Nominee 2028,689949834.3052603,57339541.81467,128,562060,Will Person BM win the 2028 Republican presidential nomination?,,False,0.0,1.0,2028-11-07T00:00:00Z
31875,Republican Presidential Nominee 2028,689949834.3052603,57339541.81467,128,562061,Will Person BN win the 2028 Republican presidential nomination?,,False,0.0,1.0,2028-11-07T00:00:00Z
31875,Republican Presidential Nominee 2028,689949834.3052603,57339541.81467,128,562062,Will Person BO win the 2028 Republican presidential nomination?,,False,0.0,1.0,2028-11-07T00:00:00Z
31875,Republican Presidential Nominee 2028,689949834.3052603,57339541.81467,128,562063,Will Person BP win the 2028 Republican presidential nomination?,,False,0.0,1.0,2028-11-07T00:00:00Z
31875,Republican Presidential Nominee 2028,689949834.3052603,57339541.81467,128,562064,Will Person BQ win the 2028 Republican presidential nomination?,,False,0.0,1.0,2028-11-07T00:00:00Z
31875,Republican Presidential Nominee 2028,689949834.3052603,57339541.81467,128,562065,Will Person BR win the 2028 Republican presidential nomination?,,False,0.0,1.0,2028-11-07T00:00:00Z
31875,Republican Presidential Nominee 2028,689949834.3052603,57339541.81467,128,562066,Will Person BS win the 2028 Republican presidential nomination?,,False,0.0,1.0,2028-11-07T00:00:00Z
31875,Republican Presidential Nominee 2028,689949834.3052603,57339541.81467,128,562067,Will Person BT win the 2028 Republican presidential nomination?,,False,0.0,1.0,2028-11-07T00:00:00Z
31875,Republican Presidential Nominee 2028,689949834.3052603,57339541.81467,128,562068,Will Person BU win the 2028 Republican presidential nomination?,,False,0.0,1.0,2028-11-07T00:00:00Z
31875,Republican Presidential Nominee 2028,689949834.3052603,57339541.81467,128,562069,Will Person BV win the 2028 Republican presidential nomination?,,False,0.0,1.0,2028-11-07T00:00:00Z
31875,Republican Presidential Nominee 2028,689949834.3052603,57339541.81467,128,562070,Will Person BW win the 2028 Republican presidential nomination?,,False,0.0,1.0,2028-11-07T00:00:00Z
31875,Republican Presidential Nominee 2028,689949834.3052603,57339541.81467,128,562071,Will Person BX win the 2028 Republican presidential nomination?,,False,0.0,1.0,2028-11-07T00:00:00Z
31875,Republican Presidential Nominee 2028,689949834.3052603,57339541.81467,128,562072,Will Person BY win the 2028 Republican presidential nomination?,,False,0.0,1.0,2028-11-07T00:00:00Z
31875,Republican Presidential Nominee 2028,689949834.3052603,57339541.81467,128,562073,Will Person BZ win the 2028 Republican presidential nomination?,,False,0.0,1.0,2028-11-07T00:00:00Z
31875,Republican Presidential Nominee 2028,689949834.3052603,57339541.81467,128,562074,Will Person CA win the 2028 Republican presidential nomination?,,False,0.0,1.0,2028-11-07T00:00:00Z
31875,Republican Presidential Nominee 2028,689949834.3052603,57339541.81467,128,562075,Will Person CB win the 2028 Republican presidential nomination?,,False,0.0,1.0,2028-11-07T00:00:00Z
31875,Republican Presidential Nominee 2028,689949834.3052603,57339541.81467,128,562076,Will Person CC win the 2028 Republican presidential nomination?,,False,0.0,1.0,2028-11-07T00:00:00Z
31875,Republican Presidential Nominee 2028,689949834.3052603,57339541.81467,128,562077,Will Person CD win the 2028 Republican presidential nomination?,,False,0.0,1.0,2028-11-07T00:00:00Z
31875,Republican Presidential Nominee 2028,689949834.3052603,57339541.81467,128,562078,Will Person CE win the 2028 Republican presidential nomination?,,False,0.0,1.0,2028-11-07T00:00:00Z
31875,Republican Presidential Nominee 2028,689949834.3052603,57339541.81467,128,562079,Will Person CF win the 2028 Republican presidential nomination?,,False,0.0,1.0,2028-11-07T00:00:00Z
31875,Republican Presidential Nominee 2028,689949834.3052603,57339541.81467,128,562080,Will Person CG win the 2028 Republican presidential nomination?,,False,0.0,1.0,2028-11-07T00:00:00Z
31875,Republican Presidential Nominee 2028,689949834.3052603,57339541.81467,128,562081,Will Person CH win the 2028 Republican presidential nomination?,,False,0.0,1.0,2028-11-07T00:00:00Z
31875,Republican Presidential Nominee 2028,689949834.3052603,57339541.81467,128,562082,Will Person CI win the 2028 Republican presidential nomination?,,False,0.0,1.0,2028-11-07T00:00:00Z
31875,Republican Presidential Nominee 2028,689949834.3052603,57339541.81467,128,562083,Will Person CJ win the 2028 Republican presidential nomination?,,False,0.0,1.0,2028-11-07T00:00:00Z
31875,Republican Presidential Nominee 2028,689949834.3052603,57339541.81467,128,562084,Will Person CK win the 2028 Republican presidential nomination?,,False,0.0,1.0,2028-11-07T00:00:00Z
31875,Republican Presidential Nominee 2028,689949834.3052603,57339541.81467,128,562085,Will Person CL win the 2028 Republican presidential nomination?,,False,0.0,1.0,2028-11-07T00:00:00Z
31875,Republican Presidential Nominee 2028,689949834.3052603,57339541.81467,128,562086,Will Person CM win the 2028 Republican presidential nomination?,,False,0.0,1.0,2028-11-07T00:00:00Z
31875,Republican Presidential Nominee 2028,689949834.3052603,57339541.81467,128,562087,Will Person CN win the 2028 Republican presidential nomination?,,False,0.0,1.0,2028-11-07T00:00:00Z
31875,Republican Presidential Nominee 2028,689949834.3052603,57339541.81467,128,562088,Will Person CO win the 2028 Republican presidential nomination?,,False,0.0,1.0,2028-11-07T00:00:00Z
31875,Republican Presidential Nominee 2028,689949834.3052603,57339541.81467,128,562089,Will Person CP win the 2028 Republican presidential nomination?,,False,0.0,1.0,2028-11-07T00:00:00Z
31875,Republican Presidential Nominee 2028,689949834.3052603,57339541.81467,128,562090,Will Person CQ win the 2028 Republican presidential nomination?,,False,0.0,1.0,2028-11-07T00:00:00Z
31875,Republican Presidential Nominee 2028,689949834.3052603,57339541.81467,128,562091,Will Person CR win the 2028 Republican presidential nomination?,,False,0.0,1.0,2028-11-07T00:00:00Z
31875,Republican Presidential Nominee 2028,689949834.3052603,57339541.81467,128,562092,Will Person CS win the 2028 Republican presidential nomination?,,False,0.0,1.0,2028-11-07T00:00:00Z
31875,Republican Presidential Nominee 2028,689949834.3052603,57339541.81467,128,562093,Will Person CT win the 2028 Republican presidential nomination?,,False,0.0,1.0,2028-11-07T00:00:00Z
31875,Republican Presidential Nominee 2028,689949834.3052603,57339541.81467,128,562094,Will Person CU win the 2028 Republican presidential nomination?,,False,0.0,1.0,2028-11-07T00:00:00Z
31875,Republican Presidential Nominee 2028,689949834.3052603,57339541.81467,128,562095,Will Person CV win the 2028 Republican presidential nomination?,,False,0.0,1.0,2028-11-07T00:00:00Z
31875,Republican Presidential Nominee 2028,689949834.3052603,57339541.81467,128,562096,Will Person CW win the 2028 Republican presidential nomination?,,False,0.0,1.0,2028-11-07T00:00:00Z
31875,Republican Presidential Nominee 2028,689949834.3052603,57339541.81467,128,562097,Will Person CX win the 2028 Republican presidential nomination?,,False,0.0,1.0,2028-11-07T00:00:00Z
31875,Republican Presidential Nominee 2028,689949834.3052603,57339541.81467,128,562098,Will Person CY win the 2028 Republican presidential nomination?,,False,0.0,1.0,2028-11-07T00:00:00Z
31875,Republican Presidential Nominee 2028,689949834.3052603,57339541.81467,128,562099,Will Person CZ win the 2028 Republican presidential nomination?,,False,0.0,1.0,2028-11-07T00:00:00Z
31875,Republican Presidential Nominee 2028,689949834.3052603,57339541.81467,128,562103,Will another person win the 2028 Republican presidential nomination?,,False,0.0,1.0,2028-11-07T00:00:00Z
100371,F1 Drivers' Champion,201303790.796456,13838899.80714,32,898409,Will Lando Norris be the 2026 F1 Drivers' Champion?,0.04,True,0.036,0.044,2026-12-06T00:00:00Z
100371,F1 Drivers' Champion,201303790.796456,13838899.80714,32,898410,Will Oscar Piastri be the 2026 F1 Drivers' Champion?,0.004,True,0.003,0.005,2026-12-06T00:00:00Z
100371,F1 Drivers' Champion,201303790.796456,13838899.80714,32,898411,Will George Russell be the 2026 F1 Drivers' Champion?,0.105,True,0.1,0.11,2026-12-06T00:00:00Z
100371,F1 Drivers' Champion,201303790.796456,13838899.80714,32,898412,Will Kimi Antonelli be the 2026 F1 Drivers' Champion?,0.714,True,0.713,0.715,2026-12-06T00:00:00Z
100371,F1 Drivers' Champion,201303790.796456,13838899.80714,32,898413,Will Max Verstappen be the 2026 F1 Drivers' Champion?,0.0135,True,0.012,0.015,2026-12-06T00:00:00Z
100371,F1 Drivers' Champion,201303790.796456,13838899.80714,32,898414,Will Isack Hadjar be the 2026 F1 Drivers' Champion?,0.0005,True,,0.001,2026-12-06T00:00:00Z
100371,F1 Drivers' Champion,201303790.796456,13838899.80714,32,898415,Will Charles Leclerc be the 2026 F1 Drivers' Champion?,0.024,True,0.022,0.026,2026-12-06T00:00:00Z
100371,F1 Drivers' Champion,201303790.796456,13838899.80714,32,898416,Will Lewis Hamilton be the 2026 F1 Drivers' Champion?,0.0875,True,0.087,0.088,2026-12-06T00:00:00Z
100371,F1 Drivers' Champion,201303790.796456,13838899.80714,32,898417,Will Fernando Alonso be the 2026 F1 Drivers' Champion?,0.0005,True,,0.001,2026-12-06T00:00:00Z
100371,F1 Drivers' Champion,201303790.796456,13838899.80714,32,898418,Will Lance Stroll be the 2026 F1 Drivers' Champion?,0.0005,True,,0.001,2026-12-06T00:00:00Z
100371,F1 Drivers' Champion,201303790.796456,13838899.80714,32,898419,Will Esteban Ocon be the 2026 F1 Drivers' Champion?,0.001,True,,0.002,2026-12-06T00:00:00Z
100371,F1 Drivers' Champion,201303790.796456,13838899.80714,32,898420,Will Oliver Bearman be the 2026 F1 Drivers' Champion?,0.0005,True,,0.001,2026-12-06T00:00:00Z
100371,F1 Drivers' Champion,201303790.796456,13838899.80714,32,898421,Will Nico Hülkenberg be the 2026 F1 Drivers' Champion?,0.0005,True,,0.001,2026-12-06T00:00:00Z
100371,F1 Drivers' Champion,201303790.796456,13838899.80714,32,898422,Will Gabriel Bortoleto be the 2026 F1 Drivers' Champion?,0.0005,True,,0.001,2026-12-06T00:00:00Z
100371,F1 Drivers' Champion,201303790.796456,13838899.80714,32,898423,Will Pierre Gasly be the 2026 F1 Drivers' Champion?,0.0005,True,,0.001,2026-12-06T00:00:00Z
100371,F1 Drivers' Champion,201303790.796456,13838899.80714,32,898424,Will Franco Colapinto be the 2026 F1 Drivers' Champion?,0.0005,True,,0.001,2026-12-06T00:00:00Z
100371,F1 Drivers' Champion,201303790.796456,13838899.80714,32,898425,Will Liam Lawson be the 2026 F1 Drivers' Champion?,0.0005,True,,0.001,2026-12-06T00:00:00Z
100371,F1 Drivers' Champion,201303790.796456,13838899.80714,32,898426,Will Arvid Lindblad be the 2026 F1 Drivers' Champion?,0.0005,True,,0.001,2026-12-06T00:00:00Z
100371,F1 Drivers' Champion,201303790.796456,13838899.80714,32,898427,Will Alexander Albon be the 2026 F1 Drivers' Champion?,0.0005,True,,0.001,2026-12-06T00:00:00Z
100371,F1 Drivers' Champion,201303790.796456,13838899.80714,32,898428,Will Carlos Sainz Jr. be the 2026 F1 Drivers' Champion?,0.0005,True,,0.001,2026-12-06T00:00:00Z
100371,F1 Drivers' Champion,201303790.796456,13838899.80714,32,898429,Will Valtteri Bottas be the 2026 F1 Drivers' Champion?,0.0005,True,,0.001,2026-12-06T00:00:00Z
100371,F1 Drivers' Champion,201303790.796456,13838899.80714,32,898430,Will Sergio Pérez be the 2026 F1 Drivers' Champion?,0.0005,True,,0.001,2026-12-06T00:00:00Z
100371,F1 Drivers' Champion,201303790.796456,13838899.80714,32,898431,Will Another Driver be the 2026 F1 Drivers' Champion?,,False,0.0,1.0,2026-12-06T00:00:00Z
100371,F1 Drivers' Champion,201303790.796456,13838899.80714,32,898432,Will Driver A be the 2026 F1 Drivers' Champion?,,False,0.0,1.0,2026-12-06T00:00:00Z
100371,F1 Drivers' Champion,201303790.796456,13838899.80714,32,898433,Will Driver B be the 2026 F1 Drivers' Champion?,,False,0.0,1.0,2026-12-06T00:00:00Z
100371,F1 Drivers' Champion,201303790.796456,13838899.80714,32,898434,Will Driver C be the 2026 F1 Drivers' Champion?,,False,0.0,1.0,2026-12-06T00:00:00Z
100371,F1 Drivers' Champion,201303790.796456,13838899.80714,32,898435,Will Driver D be the 2026 F1 Drivers' Champion?,,False,0.0,1.0,2026-12-06T00:00:00Z
100371,F1 Drivers' Champion,201303790.796456,13838899.80714,32,898436,Will Driver E be the 2026 F1 Drivers' Champion?,,False,0.0,1.0,2026-12-06T00:00:00Z
100371,F1 Drivers' Champion,201303790.796456,13838899.80714,32,898437,Will Driver F be the 2026 F1 Drivers' Champion?,,False,0.0,1.0,2026-12-06T00:00:00Z
100371,F1 Drivers' Champion,201303790.796456,13838899.80714,32,898438,Will Driver G be the 2026 F1 Drivers' Champion?,,False,0.0,1.0,2026-12-06T00:00:00Z
100371,F1 Drivers' Champion,201303790.796456,13838899.80714,32,898439,Will Driver H be the 2026 F1 Drivers' Champion?,,False,0.0,1.0,2026-12-06T00:00:00Z
100371,F1 Drivers' Champion,201303790.796456,13838899.80714,32,898440,Will Driver I be the 2026 F1 Drivers' Champion?,,False,0.0,1.0,2026-12-06T00:00:00Z
45915,Brazil Presidential Election,131156085.104155,13261048.64759,32,601818,Will Tarcisio de Freitas win the 2026 Brazilian presidential election?,0.0005,True,,0.001,2026-10-04T00:00:00Z
45915,Brazil Presidential Election,131156085.104155,13261048.64759,32,601819,Will Luiz Inácio Lula da Silva win the 2026 Brazilian presidential election?,0.625,True,0.62,0.63,2026-10-04T00:00:00Z
45915,Brazil Presidential Election,131156085.104155,13261048.64759,32,601820,Will Jair Bolsonaro win the 2026 Brazilian presidential election?,0.0025,True,0.002,0.003,2026-10-04T00:00:00Z
45915,Brazil Presidential Election,131156085.104155,13261048.64759,32,601821,Will Fernando Haddad win the 2026 Brazilian presidential election?,0.0005,True,,0.001,2026-10-04T00:00:00Z
45915,Brazil Presidential Election,131156085.104155,13261048.64759,32,601822,Will Michelle Bolsonaro win the 2026 Brazilian presidential election?,0.0015,True,0.001,0.002,2026-10-04T00:00:00Z
45915,Brazil Presidential Election,131156085.104155,13261048.64759,32,601823,Will Eduardo Bolsonaro win the 2026 Brazilian presidential election?,0.0005,True,,0.001,2026-10-04T00:00:00Z
45915,Brazil Presidential Election,131156085.104155,13261048.64759,32,601824,Will Carlos Roberto Massa Júnior win the 2026 Brazilian presidential election?,0.0005,True,,0.001,2026-10-04T00:00:00Z
45915,Brazil Presidential Election,131156085.104155,13261048.64759,32,601825,Will Renan Santos win the 2026 Brazilian presidential election?,0.0265,True,0.025,0.028,2026-10-04T00:00:00Z
45915,Brazil Presidential Election,131156085.104155,13261048.64759,32,601826,Will Flávio Bolsonaro win the 2026 Brazilian presidential election?,0.3335,True,0.333,0.334,2026-10-04T00:00:00Z
45915,Brazil Presidential Election,131156085.104155,13261048.64759,32,601827,Will Ronaldo Caiado win the 2026 Brazilian presidential election?,0.0035,True,0.002,0.005,2026-10-04T00:00:00Z
45915,Brazil Presidential Election,131156085.104155,13261048.64759,32,601828,Will Romeu Zema win the 2026 Brazilian presidential election?,0.0015,True,0.001,0.002,2026-10-04T00:00:00Z
45915,Brazil Presidential Election,131156085.104155,13261048.64759,32,601829,Will Camilo Santana win the 2026 Brazilian presidential election?,0.0005,True,,0.001,2026-10-04T00:00:00Z
45915,Brazil Presidential Election,131156085.104155,13261048.64759,32,601830,Will Geraldo Alckmin win the 2026 Brazilian presidential election?,0.0005,True,,0.001,2026-10-04T00:00:00Z
45915,Brazil Presidential Election,131156085.104155,13261048.64759,32,601831,Will Eduardo Leite win the 2026 Brazilian presidential election?,0.0005,True,,0.001,2026-10-04T00:00:00Z
45915,Brazil Presidential Election,131156085.104155,13261048.64759,32,601832,Will Aldo Rebelo win the 2026 Brazilian presidential election?,0.0005,True,,0.001,2026-10-04T00:00:00Z
45915,Brazil Presidential Election,131156085.104155,13261048.64759,32,601833,Will Tereza Cristina win the 2026 Brazilian presidential election?,0.0005,True,,0.001,2026-10-04T00:00:00Z
45915,Brazil Presidential Election,131156085.104155,13261048.64759,32,601834,Will Helder Barbalho win the 2026 Brazilian presidential election?,0.0005,True,,0.001,2026-10-04T00:00:00Z
45915,Brazil Presidential Election,131156085.104155,13261048.64759,32,601835,Will Pablo Marçal win the 2026 Brazilian presidential election?,0.0015,True,0.001,0.002,2026-10-04T00:00:00Z
45915,Brazil Presidential Election,131156085.104155,13261048.64759,32,601836,Will Person N win the 2026 Brazilian presidential election?,,False,0.0,1.0,2026-10-04T00:00:00Z
45915,Brazil Presidential Election,131156085.104155,13261048.64759,32,601837,Will Person O win the 2026 Brazilian presidential election?,,False,0.0,1.0,2026-10-04T00:00:00Z
45915,Brazil Presidential Election,131156085.104155,13261048.64759,32,601838,Will Person P win the 2026 Brazilian presidential election?,,False,0.0,1.0,2026-10-04T00:00:00Z
45915,Brazil Presidential Election,131156085.104155,13261048.64759,32,601839,Will Person Q win the 2026 Brazilian presidential election?,,False,0.0,1.0,2026-10-04T00:00:00Z
45915,Brazil Presidential Election,131156085.104155,13261048.64759,32,601840,Will Person R win the 2026 Brazilian presidential election?,,False,0.0,1.0,2026-10-04T00:00:00Z
45915,Brazil Presidential Election,131156085.104155,13261048.64759,32,601841,Will Person S win the 2026 Brazilian presidential election?,,False,0.0,1.0,2026-10-04T00:00:00Z
45915,Brazil Presidential Election,131156085.104155,13261048.64759,32,601842,Will Person T win the 2026 Brazilian presidential election?,,False,0.0,1.0,2026-10-04T00:00:00Z
45915,Brazil Presidential Election,131156085.104155,13261048.64759,32,601843,Will Person U win the 2026 Brazilian presidential election?,,False,0.0,1.0,2026-10-04T00:00:00Z
45915,Brazil Presidential Election,131156085.104155,13261048.64759,32,601844,Will Person V win the 2026 Brazilian presidential election?,,False,0.0,1.0,2026-10-04T00:00:00Z
45915,Brazil Presidential Election,131156085.104155,13261048.64759,32,601845,Will Person W win the 2026 Brazilian presidential election?,,False,0.0,1.0,2026-10-04T00:00:00Z
45915,Brazil Presidential Election,131156085.104155,13261048.64759,32,601846,Will Person X win the 2026 Brazilian presidential election?,,False,0.0,1.0,2026-10-04T00:00:00Z
45915,Brazil Presidential Election,131156085.104155,13261048.64759,32,601847,Will Person Y win the 2026 Brazilian presidential election?,,False,0.0,1.0,2026-10-04T00:00:00Z
45915,Brazil Presidential Election,131156085.104155,13261048.64759,32,601848,Will Person Z win the 2026 Brazilian presidential election?,,False,0.0,1.0,2026-10-04T00:00:00Z
45915,Brazil Presidential Election,131156085.104155,13261048.64759,32,601849,Will another person win the 2026 Brazilian presidential election?,,False,0.0,1.0,2026-10-04T00:00:00Z
79987,Next French Presidential Election,120966619.35492899,15407823.82399,128,679018,Will Marine Le Pen win the 2027 French presidential election?,0.316,True,0.315,0.317,2027-04-30T00:00:00Z
79987,Next French Presidential Election,120966619.35492899,15407823.82399,128,679019,Will Jordan Bardella win the 2027 French presidential election?,0.0275,True,0.026,0.029,2027-04-30T00:00:00Z
79987,Next French Presidential Election,120966619.35492899,15407823.82399,128,679020,Will Éric Zemmour win the 2027 French presidential election?,0.0075,True,0.007,0.008,2027-04-30T00:00:00Z
79987,Next French Presidential Election,120966619.35492899,15407823.82399,128,679021,Will Édouard Philippe win the 2027 French presidential election?,0.255,True,0.25,0.26,2027-04-30T00:00:00Z
79987,Next French Presidential Election,120966619.35492899,15407823.82399,128,679022,Will David Lisnard win the 2027 French presidential election?,0.0285,True,0.028,0.029,2027-04-30T00:00:00Z
79987,Next French Presidential Election,120966619.35492899,15407823.82399,128,679023,Will Xavier Bertrand win the 2027 French presidential election?,0.0015,True,0.001,0.002,2027-04-30T00:00:00Z
79987,Next French Presidential Election,120966619.35492899,15407823.82399,128,679024,Will Laurent Wauquiez win the 2027 French presidential election?,0.0015,True,0.001,0.002,2027-04-30T00:00:00Z
79987,Next French Presidential Election,120966619.35492899,15407823.82399,128,679025,Will François Ruffin win the 2027 French presidential election?,0.0015,True,0.001,0.002,2027-04-30T00:00:00Z
79987,Next French Presidential Election,120966619.35492899,15407823.82399,128,679026,Will Gabriel Attal win the 2027 French presidential election?,0.035,True,0.034,0.036,2027-04-30T00:00:00Z
79987,Next French Presidential Election,120966619.35492899,15407823.82399,128,679027,Will Bruno Retailleau win the 2027 French presidential election?,0.0205,True,0.02,0.021,2027-04-30T00:00:00Z
79987,Next French Presidential Election,120966619.35492899,15407823.82399,128,679028,Will François Hollande win the 2027 French presidential election?,0.0325,True,0.032,0.033,2027-04-30T00:00:00Z
79987,Next French Presidential Election,120966619.35492899,15407823.82399,128,679029,Will Raphaël Glucksmann win the 2027 French presidential election?,0.021,True,0.02,0.022,2027-04-30T00:00:00Z
79987,Next French Presidential Election,120966619.35492899,15407823.82399,128,679030,Will Jean-Luc Mélenchon win the 2027 French presidential election?,0.125,True,0.12,0.13,2027-04-30T00:00:00Z
79987,Next French Presidential Election,120966619.35492899,15407823.82399,128,679031,Will Marine Tondelier win the 2027 French presidential election?,0.0015,True,0.001,0.002,2027-04-30T00:00:00Z
79987,Next French Presidential Election,120966619.35492899,15407823.82399,128,679032,Will Fabien Roussel win the 2027 French presidential election?,0.0015,True,0.001,0.002,2027-04-30T00:00:00Z
79987,Next French Presidential Election,120966619.35492899,15407823.82399,128,679033,Will Olivier Faure win the 2027 French presidential election?,0.0015,True,0.001,0.002,2027-04-30T00:00:00Z
79987,Next French Presidential Election,120966619.35492899,15407823.82399,128,679034,Will Dominique de Villepin win the 2027 French presidential election?,0.017,True,0.016,0.018,2027-04-30T00:00:00Z
79987,Next French Presidential Election,120966619.35492899,15407823.82399,128,679035,Will Ségolène Royal win the 2027 French presidential election?,0.0015,True,0.001,0.002,2027-04-30T00:00:00Z
79987,Next French Presidential Election,120966619.35492899,15407823.82399,128,679036,Will François Asselineau win the 2027 French presidential election?,0.0015,True,0.001,0.002,2027-04-30T00:00:00Z
79987,Next French Presidential Election,120966619.35492899,15407823.82399,128,679037,Will Clémentine Autain win the 2027 French presidential election?,0.0015,True,0.001,0.002,2027-04-30T00:00:00Z
79987,Next French Presidential Election,120966619.35492899,15407823.82399,128,679038,Will Nicolas Dupont-Aignan win the 2027 French presidential election?,0.0015,True,0.001,0.002,2027-04-30T00:00:00Z
79987,Next French Presidential Election,120966619.35492899,15407823.82399,128,679039,Will Michel Barnier win the 2027 French presidential election?,0.0025,True,0.002,0.003,2027-04-30T00:00:00Z
79987,Next French Presidential Election,120966619.35492899,15407823.82399,128,679040,Will Valérie Pécresse win the 2027 French presidential election?,0.0015,True,0.001,0.002,2027-04-30T00:00:00Z
79987,Next French Presidential Election,120966619.35492899,15407823.82399,128,679041,Will François Bayrou win the 2027 French presidential election?,0.0015,True,0.001,0.002,2027-04-30T00:00:00Z
79987,Next French Presidential Election,120966619.35492899,15407823.82399,128,679042,Will Élisabeth Borne win the 2027 French presidential election?,0.0015,True,0.001,0.002,2027-04-30T00:00:00Z
79987,Next French Presidential Election,120966619.35492899,15407823.82399,128,679043,Will Yaël Braun-Pivet win the 2027 French presidential election?,0.0015,True,0.001,0.002,2027-04-30T00:00:00Z
79987,Next French Presidential Election,120966619.35492899,15407823.82399,128,679044,Will Jean Castex win the 2027 French presidential election?,0.0025,True,0.002,0.003,2027-04-30T00:00:00Z
79987,Next French Presidential Election,120966619.35492899,15407823.82399,128,679045,Will Gérald Darmanin win the 2027 French presidential election?,0.0015,True,0.001,0.002,2027-04-30T00:00:00Z
79987,Next French Presidential Election,120966619.35492899,15407823.82399,128,679046,Will Carole Delga win the 2027 French presidential election?,0.0015,True,0.001,0.002,2027-04-30T00:00:00Z
79987,Next French Presidential Election,120966619.35492899,15407823.82399,128,679047,Will Bernard Cazeneuve win the 2027 French presidential election?,0.0035,True,0.003,0.004,2027-04-30T00:00:00Z
79987,Next French Presidential Election,120966619.35492899,15407823.82399,128,679048,Will Manuel Bompard win the 2027 French presidential election?,0.0015,True,0.001,0.002,2027-04-30T00:00:00Z
79987,Next French Presidential Election,120966619.35492899,15407823.82399,128,679049,Will Mathilde Panot win the 2027 French presidential election?,0.0015,True,0.001,0.002,2027-04-30T00:00:00Z
79987,Next French Presidential Election,120966619.35492899,15407823.82399,128,679050,Will another person win the 2027 French presidential election?,,False,0.0,1.0,2027-04-30T00:00:00Z
79987,Next French Presidential Election,120966619.35492899,15407823.82399,128,679051,Will Sarah Knafo win the 2027 French presidential election?,0.018,True,0.017,0.019,2027-04-30T00:00:00Z
79987,Next French Presidential Election,120966619.35492899,15407823.82399,128,679052,Will Juan Branco win the 2027 French presidential election?,0.0025,True,0.002,0.003,2027-04-30T00:00:00Z
79987,Next French Presidential Election,120966619.35492899,15407823.82399,128,679053,Will Clémence Guetté win the 2027 French presidential election?,0.0015,True,0.001,0.002,2027-04-30T00:00:00Z
79987,Next French Presidential Election,120966619.35492899,15407823.82399,128,679054,Will Sébastien Lecornu win the 2027 French presidential election?,0.019,True,0.018,0.02,2027-04-30T00:00:00Z
79987,Next French Presidential Election,120966619.35492899,15407823.82399,128,679055,Will Karim Bouamrane win the 2027 French presidential election?,0.0015,True,0.001,0.002,2027-04-30T00:00:00Z
79987,Next French Presidential Election,120966619.35492899,15407823.82399,128,679056,Will Lucie Castets win the 2027 French presidential election?,0.0015,True,0.001,0.002,2027-04-30T00:00:00Z
79987,Next French Presidential Election,120966619.35492899,15407823.82399,128,679057,Will Yannick Jadot win the 2027 French presidential election?,0.0015,True,0.001,0.002,2027-04-30T00:00:00Z
79987,Next French Presidential Election,120966619.35492899,15407823.82399,128,679058,Will François Baroin win the 2027 French presidential election?,0.0015,True,0.001,0.002,2027-04-30T00:00:00Z
79987,Next French Presidential Election,120966619.35492899,15407823.82399,128,679059,Will Marion Maréchal win the 2027 French presidential election?,0.0015,True,0.001,0.002,2027-04-30T00:00:00Z
79987,Next French Presidential Election,120966619.35492899,15407823.82399,128,679060,Will Person J win the 2027 French presidential election?,,False,0.0,1.0,2027-04-30T00:00:00Z
79987,Next French Presidential Election,120966619.35492899,15407823.82399,128,679061,Will Person K win the 2027 French presidential election?,,False,0.0,1.0,2027-04-30T00:00:00Z
79987,Next French Presidential Election,120966619.35492899,15407823.82399,128,679062,Will Person L win the 2027 French presidential election?,,False,0.0,1.0,2027-04-30T00:00:00Z
79987,Next French Presidential Election,120966619.35492899,15407823.82399,128,679063,Will Person M win the 2027 French presidential election?,,False,0.0,1.0,2027-04-30T00:00:00Z
79987,Next French Presidential Election,120966619.35492899,15407823.82399,128,679064,Will Person N win the 2027 French presidential election?,,False,0.0,1.0,2027-04-30T00:00:00Z
79987,Next French Presidential Election,120966619.35492899,15407823.82399,128,679065,Will Person O win the 2027 French presidential election?,,False,0.0,1.0,2027-04-30T00:00:00Z
79987,Next French Presidential Election,120966619.35492899,15407823.82399,128,679066,Will Person P win the 2027 French presidential election?,,False,0.0,1.0,2027-04-30T00:00:00Z
79987,Next French Presidential Election,120966619.35492899,15407823.82399,128,679067,Will Person Q win the 2027 French presidential election?,,False,0.0,1.0,2027-04-30T00:00:00Z
79987,Next French Presidential Election,120966619.35492899,15407823.82399,128,679068,Will Person R win the 2027 French presidential election?,,False,0.0,1.0,2027-04-30T00:00:00Z
79987,Next French Presidential Election,120966619.35492899,15407823.82399,128,679069,Will Person S win the 2027 French presidential election?,,False,0.0,1.0,2027-04-30T00:00:00Z
79987,Next French Presidential Election,120966619.35492899,15407823.82399,128,679070,Will Person T win the 2027 French presidential election?,,False,0.0,1.0,2027-04-30T00:00:00Z
79987,Next French Presidential Election,120966619.35492899,15407823.82399,128,679071,Will Person U win the 2027 French presidential election?,,False,0.0,1.0,2027-04-30T00:00:00Z
79987,Next French Presidential Election,120966619.35492899,15407823.82399,128,679072,Will Person V win the 2027 French presidential election?,,False,0.0,1.0,2027-04-30T00:00:00Z
79987,Next French Presidential Election,120966619.35492899,15407823.82399,128,679073,Will Person W win the 2027 French presidential election?,,False,0.0,1.0,2027-04-30T00:00:00Z
79987,Next French Presidential Election,120966619.35492899,15407823.82399,128,679074,Will Person X win the 2027 French presidential election?,,False,0.0,1.0,2027-04-30T00:00:00Z
79987,Next French Presidential Election,120966619.35492899,15407823.82399,128,679075,Will Person Y win the 2027 French presidential election?,,False,0.0,1.0,2027-04-30T00:00:00Z
79987,Next French Presidential Election,120966619.35492899,15407823.82399,128,679076,Will Person Z win the 2027 French presidential election?,,False,0.0,1.0,2027-04-30T00:00:00Z
79987,Next French Presidential Election,120966619.35492899,15407823.82399,128,679077,Will Person AA win the 2027 French presidential election?,,False,0.0,1.0,2027-04-30T00:00:00Z
79987,Next French Presidential Election,120966619.35492899,15407823.82399,128,679078,Will Person AB win the 2027 French presidential election?,,False,0.0,1.0,2027-04-30T00:00:00Z
79987,Next French Presidential Election,120966619.35492899,15407823.82399,128,679079,Will Person AC win the 2027 French presidential election?,,False,0.0,1.0,2027-04-30T00:00:00Z
79987,Next French Presidential Election,120966619.35492899,15407823.82399,128,679080,Will Person AD win the 2027 French presidential election?,,False,0.0,1.0,2027-04-30T00:00:00Z
79987,Next French Presidential Election,120966619.35492899,15407823.82399,128,679081,Will Person AE win the 2027 French presidential election?,,False,0.0,1.0,2027-04-30T00:00:00Z
79987,Next French Presidential Election,120966619.35492899,15407823.82399,128,679082,Will Person AF win the 2027 French presidential election?,,False,0.0,1.0,2027-04-30T00:00:00Z
79987,Next French Presidential Election,120966619.35492899,15407823.82399,128,679083,Will Person AG win the 2027 French presidential election?,,False,0.0,1.0,2027-04-30T00:00:00Z
79987,Next French Presidential Election,120966619.35492899,15407823.82399,128,679084,Will Person AH win the 2027 French presidential election?,,False,0.0,1.0,2027-04-30T00:00:00Z
79987,Next French Presidential Election,120966619.35492899,15407823.82399,128,679085,Will Person AI win the 2027 French presidential election?,,False,0.0,1.0,2027-04-30T00:00:00Z
79987,Next French Presidential Election,120966619.35492899,15407823.82399,128,679086,Will Person AJ win the 2027 French presidential election?,,False,0.0,1.0,2027-04-30T00:00:00Z
79987,Next French Presidential Election,120966619.35492899,15407823.82399,128,679087,Will Person AK win the 2027 French presidential election?,,False,0.0,1.0,2027-04-30T00:00:00Z
79987,Next French Presidential Election,120966619.35492899,15407823.82399,128,679088,Will Person AL win the 2027 French presidential election?,,False,0.0,1.0,2027-04-30T00:00:00Z
79987,Next French Presidential Election,120966619.35492899,15407823.82399,128,679089,Will Person AM win the 2027 French presidential election?,,False,0.0,1.0,2027-04-30T00:00:00Z
79987,Next French Presidential Election,120966619.35492899,15407823.82399,128,679090,Will Person AN win the 2027 French presidential election?,,False,0.0,1.0,2027-04-30T00:00:00Z
79987,Next French Presidential Election,120966619.35492899,15407823.82399,128,679091,Will Person AO win the 2027 French presidential election?,,False,0.0,1.0,2027-04-30T00:00:00Z
79987,Next French Presidential Election,120966619.35492899,15407823.82399,128,679092,Will Person AP win the 2027 French presidential election?,,False,0.0,1.0,2027-04-30T00:00:00Z
79987,Next French Presidential Election,120966619.35492899,15407823.82399,128,679093,Will Person AQ win the 2027 French presidential election?,,False,0.0,1.0,2027-04-30T00:00:00Z
79987,Next French Presidential Election,120966619.35492899,15407823.82399,128,679094,Will Person AR win the 2027 French presidential election?,,False,0.0,1.0,2027-04-30T00:00:00Z
79987,Next French Presidential Election,120966619.35492899,15407823.82399,128,679095,Will Person AS win the 2027 French presidential election?,,False,0.0,1.0,2027-04-30T00:00:00Z
79987,Next French Presidential Election,120966619.35492899,15407823.82399,128,679096,Will Person AT win the 2027 French presidential election?,,False,0.0,1.0,2027-04-30T00:00:00Z
79987,Next French Presidential Election,120966619.35492899,15407823.82399,128,679097,Will Person AU win the 2027 French presidential election?,,False,0.0,1.0,2027-04-30T00:00:00Z
79987,Next French Presidential Election,120966619.35492899,15407823.82399,128,679098,Will Person AV win the 2027 French presidential election?,,False,0.0,1.0,2027-04-30T00:00:00Z
79987,Next French Presidential Election,120966619.35492899,15407823.82399,128,679099,Will Person AW win the 2027 French presidential election?,,False,0.0,1.0,2027-04-30T00:00:00Z
79987,Next French Presidential Election,120966619.35492899,15407823.82399,128,679100,Will Person AX win the 2027 French presidential election?,,False,0.0,1.0,2027-04-30T00:00:00Z
79987,Next French Presidential Election,120966619.35492899,15407823.82399,128,679101,Will Person AY win the 2027 French presidential election?,,False,0.0,1.0,2027-04-30T00:00:00Z
79987,Next French Presidential Election,120966619.35492899,15407823.82399,128,679102,Will Person AZ win the 2027 French presidential election?,,False,0.0,1.0,2027-04-30T00:00:00Z
79987,Next French Presidential Election,120966619.35492899,15407823.82399,128,679103,Will Person BA win the 2027 French presidential election?,,False,0.0,1.0,2027-04-30T00:00:00Z
79987,Next French Presidential Election,120966619.35492899,15407823.82399,128,679104,Will Person BB win the 2027 French presidential election?,,False,0.0,1.0,2027-04-30T00:00:00Z
79987,Next French Presidential Election,120966619.35492899,15407823.82399,128,679105,Will Person BC win the 2027 French presidential election?,,False,0.0,1.0,2027-04-30T00:00:00Z
79987,Next French Presidential Election,120966619.35492899,15407823.82399,128,679106,Will Person BD win the 2027 French presidential election?,,False,0.0,1.0,2027-04-30T00:00:00Z
79987,Next French Presidential Election,120966619.35492899,15407823.82399,128,679107,Will Person BE win the 2027 French presidential election?,,False,0.0,1.0,2027-04-30T00:00:00Z
79987,Next French Presidential Election,120966619.35492899,15407823.82399,128,679108,Will Person BF win the 2027 French presidential election?,,False,0.0,1.0,2027-04-30T00:00:00Z
79987,Next French Presidential Election,120966619.35492899,15407823.82399,128,679109,Will Person BG win the 2027 French presidential election?,,False,0.0,1.0,2027-04-30T00:00:00Z
79987,Next French Presidential Election,120966619.35492899,15407823.82399,128,679110,Will Person BH win the 2027 French presidential election?,,False,0.0,1.0,2027-04-30T00:00:00Z
79987,Next French Presidential Election,120966619.35492899,15407823.82399,128,679111,Will Person BI win the 2027 French presidential election?,,False,0.0,1.0,2027-04-30T00:00:00Z
79987,Next French Presidential Election,120966619.35492899,15407823.82399,128,679112,Will Person BJ win the 2027 French presidential election?,,False,0.0,1.0,2027-04-30T00:00:00Z
79987,Next French Presidential Election,120966619.35492899,15407823.82399,128,679113,Will Person BK win the 2027 French presidential election?,,False,0.0,1.0,2027-04-30T00:00:00Z
79987,Next French Presidential Election,120966619.35492899,15407823.82399,128,679114,Will Person BL win the 2027 French presidential election?,,False,0.0,1.0,2027-04-30T00:00:00Z
79987,Next French Presidential Election,120966619.35492899,15407823.82399,128,679115,Will Person BM win the 2027 French presidential election?,,False,0.0,1.0,2027-04-30T00:00:00Z
79987,Next French Presidential Election,120966619.35492899,15407823.82399,128,679116,Will Person BN win the 2027 French presidential election?,,False,0.0,1.0,2027-04-30T00:00:00Z
79987,Next French Presidential Election,120966619.35492899,15407823.82399,128,679117,Will Person BO win the 2027 French presidential election?,,False,0.0,1.0,2027-04-30T00:00:00Z
79987,Next French Presidential Election,120966619.35492899,15407823.82399,128,679118,Will Person BP win the 2027 French presidential election?,,False,0.0,1.0,2027-04-30T00:00:00Z
79987,Next French Presidential Election,120966619.35492899,15407823.82399,128,679119,Will Person BQ win the 2027 French presidential election?,,False,0.0,1.0,2027-04-30T00:00:00Z
79987,Next French Presidential Election,120966619.35492899,15407823.82399,128,679120,Will Person BR win the 2027 French presidential election?,,False,0.0,1.0,2027-04-30T00:00:00Z
79987,Next French Presidential Election,120966619.35492899,15407823.82399,128,679121,Will Person BS win the 2027 French presidential election?,,False,0.0,1.0,2027-04-30T00:00:00Z
79987,Next French Presidential Election,120966619.35492899,15407823.82399,128,679122,Will Person BT win the 2027 French presidential election?,,False,0.0,1.0,2027-04-30T00:00:00Z
79987,Next French Presidential Election,120966619.35492899,15407823.82399,128,679123,Will Person BU win the 2027 French presidential election?,,False,0.0,1.0,2027-04-30T00:00:00Z
79987,Next French Presidential Election,120966619.35492899,15407823.82399,128,679124,Will Person BV win the 2027 French presidential election?,,False,0.0,1.0,2027-04-30T00:00:00Z
79987,Next French Presidential Election,120966619.35492899,15407823.82399,128,679125,Will Person BW win the 2027 French presidential election?,,False,0.0,1.0,2027-04-30T00:00:00Z
79987,Next French Presidential Election,120966619.35492899,15407823.82399,128,679126,Will Person BX win the 2027 French presidential election?,,False,0.0,1.0,2027-04-30T00:00:00Z
79987,Next French Presidential Election,120966619.35492899,15407823.82399,128,679127,Will Person BY win the 2027 French presidential election?,,False,0.0,1.0,2027-04-30T00:00:00Z
79987,Next French Presidential Election,120966619.35492899,15407823.82399,128,679128,Will Person BZ win the 2027 French presidential election?,,False,0.0,1.0,2027-04-30T00:00:00Z
79987,Next French Presidential Election,120966619.35492899,15407823.82399,128,679129,Will Person CA win the 2027 French presidential election?,,False,0.0,1.0,2027-04-30T00:00:00Z
79987,Next French Presidential Election,120966619.35492899,15407823.82399,128,679130,Will Person CB win the 2027 French presidential election?,,False,0.0,1.0,2027-04-30T00:00:00Z
79987,Next French Presidential Election,120966619.35492899,15407823.82399,128,679131,Will Person CC win the 2027 French presidential election?,,False,0.0,1.0,2027-04-30T00:00:00Z
79987,Next French Presidential Election,120966619.35492899,15407823.82399,128,679132,Will Person CD win the 2027 French presidential election?,,False,0.0,1.0,2027-04-30T00:00:00Z
79987,Next French Presidential Election,120966619.35492899,15407823.82399,128,679133,Will Person CE win the 2027 French presidential election?,,False,0.0,1.0,2027-04-30T00:00:00Z
79987,Next French Presidential Election,120966619.35492899,15407823.82399,128,679134,Will Person CF win the 2027 French presidential election?,,False,0.0,1.0,2027-04-30T00:00:00Z
79987,Next French Presidential Election,120966619.35492899,15407823.82399,128,679135,Will Person CG win the 2027 French presidential election?,,False,0.0,1.0,2027-04-30T00:00:00Z
79987,Next French Presidential Election,120966619.35492899,15407823.82399,128,679136,Will Person CH win the 2027 French presidential election?,,False,0.0,1.0,2027-04-30T00:00:00Z
79987,Next French Presidential Election,120966619.35492899,15407823.82399,128,679137,Will Person CI win the 2027 French presidential election?,,False,0.0,1.0,2027-04-30T00:00:00Z
79987,Next French Presidential Election,120966619.35492899,15407823.82399,128,679138,Will Person CJ win the 2027 French presidential election?,,False,0.0,1.0,2027-04-30T00:00:00Z
79987,Next French Presidential Election,120966619.35492899,15407823.82399,128,679139,Will Person CK win the 2027 French presidential election?,,False,0.0,1.0,2027-04-30T00:00:00Z
79987,Next French Presidential Election,120966619.35492899,15407823.82399,128,679140,Will Person CL win the 2027 French presidential election?,,False,0.0,1.0,2027-04-30T00:00:00Z
79987,Next French Presidential Election,120966619.35492899,15407823.82399,128,679141,Will Person CM win the 2027 French presidential election?,,False,0.0,1.0,2027-04-30T00:00:00Z
79987,Next French Presidential Election,120966619.35492899,15407823.82399,128,679142,Will Person CN win the 2027 French presidential election?,,False,0.0,1.0,2027-04-30T00:00:00Z
79987,Next French Presidential Election,120966619.35492899,15407823.82399,128,679143,Will Person CO win the 2027 French presidential election?,,False,0.0,1.0,2027-04-30T00:00:00Z
79987,Next French Presidential Election,120966619.35492899,15407823.82399,128,679144,Will Person CP win the 2027 French presidential election?,,False,0.0,1.0,2027-04-30T00:00:00Z
79987,Next French Presidential Election,120966619.35492899,15407823.82399,128,679145,Will Person CQ win the 2027 French presidential election?,,False,0.0,1.0,2027-04-30T00:00:00Z
143443,Venezuela leader end of 2026?,95774885.27022699,1813728.39056,57,1105740,Will Edmundo González be the leader of Venezuela end of 2026?,0.0035,True,0.003,0.004,2026-12-31T00:00:00Z
143443,Venezuela leader end of 2026?,95774885.27022699,1813728.39056,57,1105741,Will María Corina Machado be the leader of Venezuela end of 2026?,0.02,True,0.019,0.021,2026-12-31T00:00:00Z
143443,Venezuela leader end of 2026?,95774885.27022699,1813728.39056,57,1105742,Will Delcy Rodríguez be the leader of Venezuela end of 2026?,0.095,True,0.09,0.1,2026-12-31T00:00:00Z
143443,Venezuela leader end of 2026?,95774885.27022699,1813728.39056,57,1105743,Will Diosdado Cabello Rondón be the leader of Venezuela end of 2026?,0.003,True,0.002,0.004,2026-12-31T00:00:00Z
143443,Venezuela leader end of 2026?,95774885.27022699,1813728.39056,57,1105744,Will Nicolás Maduro be the leader of Venezuela end of 2026?,0.855,True,0.852,0.858,2026-12-31T00:00:00Z
143443,Venezuela leader end of 2026?,95774885.27022699,1813728.39056,57,1105745,Will Dinorah Figuera be the leader of Venezuela end of 2026?,0.0015,True,0.001,0.002,2026-12-31T00:00:00Z
143443,Venezuela leader end of 2026?,95774885.27022699,1813728.39056,57,1105746,Will Donald Trump be the leader of Venezuela end of 2026?,0.0015,True,0.001,0.002,2026-12-31T00:00:00Z
143443,Venezuela leader end of 2026?,95774885.27022699,1813728.39056,57,1105747,Will Vladimir Padrino López be the leader of Venezuela end of 2026?,0.002,True,0.001,0.003,2026-12-31T00:00:00Z
143443,Venezuela leader end of 2026?,95774885.27022699,1813728.39056,57,1105748,Will Marco Rubio be the leader of Venezuela end of 2026?,0.0015,True,0.001,0.002,2026-12-31T00:00:00Z
143443,Venezuela leader end of 2026?,95774885.27022699,1813728.39056,57,1105749,Will Jorge Rodríguez be the leader of Venezuela end of 2026?,0.0025,True,0.002,0.003,2026-12-31T00:00:00Z
143443,Venezuela leader end of 2026?,95774885.27022699,1813728.39056,57,1105750,Will Pete Hegseth be the leader of Venezuela end of 2026?,0.0015,True,0.001,0.002,2026-12-31T00:00:00Z
143443,Venezuela leader end of 2026?,95774885.27022699,1813728.39056,57,1105751,Will Evan Pettus be the leader of Venezuela end of 2026?,0.0015,True,0.001,0.002,2026-12-31T00:00:00Z
143443,Venezuela leader end of 2026?,95774885.27022699,1813728.39056,57,1105752,Will Frank Donovan be the leader of Venezuela end of 2026?,0.0015,True,0.001,0.002,2026-12-31T00:00:00Z
143443,Venezuela leader end of 2026?,95774885.27022699,1813728.39056,57,1105753,Will Dan Caine be the leader of Venezuela end of 2026?,0.0005,True,,0.001,2026-12-31T00:00:00Z
143443,Venezuela leader end of 2026?,95774885.27022699,1813728.39056,57,1105754,Will Richard Grenell be the leader of Venezuela end of 2026?,0.0005,True,,0.001,2026-12-31T00:00:00Z
143443,Venezuela leader end of 2026?,95774885.27022699,1813728.39056,57,1105755,Will there be no head of state of Venezuela end of 2026?,0.012,True,0.009,0.015,2026-12-31T00:00:00Z
143443,Venezuela leader end of 2026?,95774885.27022699,1813728.39056,57,1105756,Will Leader 1 be the leader of Venezuela end of 2026?,,False,0.0,1.0,2026-12-31T00:00:00Z
143443,Venezuela leader end of 2026?,95774885.27022699,1813728.39056,57,1105757,Will Leader 2 be the leader of Venezuela end of 2026?,,False,0.0,1.0,2026-12-31T00:00:00Z
143443,Venezuela leader end of 2026?,95774885.27022699,1813728.39056,57,1105758,Will Leader 3 be the leader of Venezuela end of 2026?,,False,0.0,1.0,2026-12-31T00:00:00Z
143443,Venezuela leader end of 2026?,95774885.27022699,1813728.39056,57,1105759,Will Leader 4 be the leader of Venezuela end of 2026?,,False,0.0,1.0,2026-12-31T00:00:00Z
143443,Venezuela leader end of 2026?,95774885.27022699,1813728.39056,57,1105760,Will Leader 5 be the leader of Venezuela end of 2026?,,False,0.0,1.0,2026-12-31T00:00:00Z
143443,Venezuela leader end of 2026?,95774885.27022699,1813728.39056,57,1105761,Will Leader 6 be the leader of Venezuela end of 2026?,,False,0.0,1.0,2026-12-31T00:00:00Z
143443,Venezuela leader end of 2026?,95774885.27022699,1813728.39056,57,1105762,Will Leader 7 be the leader of Venezuela end of 2026?,,False,0.0,1.0,2026-12-31T00:00:00Z
143443,Venezuela leader end of 2026?,95774885.27022699,1813728.39056,57,1105763,Will Leader 8 be the leader of Venezuela end of 2026?,,False,0.0,1.0,2026-12-31T00:00:00Z
143443,Venezuela leader end of 2026?,95774885.27022699,1813728.39056,57,1105764,Will Leader 9 be the leader of Venezuela end of 2026?,,False,0.0,1.0,2026-12-31T00:00:00Z
143443,Venezuela leader end of 2026?,95774885.27022699,1813728.39056,57,1105765,Will Leader 10 be the leader of Venezuela end of 2026?,,False,0.0,1.0,2026-12-31T00:00:00Z
143443,Venezuela leader end of 2026?,95774885.27022699,1813728.39056,57,1105766,Will Leader 11 be the leader of Venezuela end of 2026?,,False,0.0,1.0,2026-12-31T00:00:00Z
143443,Venezuela leader end of 2026?,95774885.27022699,1813728.39056,57,1105767,Will Leader 12 be the leader of Venezuela end of 2026?,,False,0.0,1.0,2026-12-31T00:00:00Z
143443,Venezuela leader end of 2026?,95774885.27022699,1813728.39056,57,1105768,Will Leader 13 be the leader of Venezuela end of 2026?,,False,0.0,1.0,2026-12-31T00:00:00Z
143443,Venezuela leader end of 2026?,95774885.27022699,1813728.39056,57,1105769,Will Leader 14 be the leader of Venezuela end of 2026?,,False,0.0,1.0,2026-12-31T00:00:00Z
143443,Venezuela leader end of 2026?,95774885.27022699,1813728.39056,57,1105770,Will Leader 15 be the leader of Venezuela end of 2026?,,False,0.0,1.0,2026-12-31T00:00:00Z
143443,Venezuela leader end of 2026?,95774885.27022699,1813728.39056,57,1105771,Will Leader 16 be the leader of Venezuela end of 2026?,,False,0.0,1.0,2026-12-31T00:00:00Z
143443,Venezuela leader end of 2026?,95774885.27022699,1813728.39056,57,1105772,Will Leader 17 be the leader of Venezuela end of 2026?,,False,0.0,1.0,2026-12-31T00:00:00Z
143443,Venezuela leader end of 2026?,95774885.27022699,1813728.39056,57,1105773,Will Leader 18 be the leader of Venezuela end of 2026?,,False,0.0,1.0,2026-12-31T00:00:00Z
143443,Venezuela leader end of 2026?,95774885.27022699,1813728.39056,57,1105774,Will Leader 19 be the leader of Venezuela end of 2026?,,False,0.0,1.0,2026-12-31T00:00:00Z
143443,Venezuela leader end of 2026?,95774885.27022699,1813728.39056,57,1105775,Will Leader 20 be the leader of Venezuela end of 2026?,,False,0.0,1.0,2026-12-31T00:00:00Z
143443,Venezuela leader end of 2026?,95774885.27022699,1813728.39056,57,1105776,Will Leader 21 be the leader of Venezuela end of 2026?,,False,0.0,1.0,2026-12-31T00:00:00Z
143443,Venezuela leader end of 2026?,95774885.27022699,1813728.39056,57,1105777,Will Leader 22 be the leader of Venezuela end of 2026?,,False,0.0,1.0,2026-12-31T00:00:00Z
143443,Venezuela leader end of 2026?,95774885.27022699,1813728.39056,57,1105778,Will Leader 23 be the leader of Venezuela end of 2026?,,False,0.0,1.0,2026-12-31T00:00:00Z
143443,Venezuela leader end of 2026?,95774885.27022699,1813728.39056,57,1105779,Will Leader 24 be the leader of Venezuela end of 2026?,,False,0.0,1.0,2026-12-31T00:00:00Z
143443,Venezuela leader end of 2026?,95774885.27022699,1813728.39056,57,1105780,Will Leader 25 be the leader of Venezuela end of 2026?,,False,0.0,1.0,2026-12-31T00:00:00Z
143443,Venezuela leader end of 2026?,95774885.27022699,1813728.39056,57,1105781,Will Leader 26 be the leader of Venezuela end of 2026?,,False,0.0,1.0,2026-12-31T00:00:00Z
143443,Venezuela leader end of 2026?,95774885.27022699,1813728.39056,57,1105782,Will Leader 27 be the leader of Venezuela end of 2026?,,False,0.0,1.0,2026-12-31T00:00:00Z
143443,Venezuela leader end of 2026?,95774885.27022699,1813728.39056,57,1105783,Will Leader 28 be the leader of Venezuela end of 2026?,,False,0.0,1.0,2026-12-31T00:00:00Z
143443,Venezuela leader end of 2026?,95774885.27022699,1813728.39056,57,1105784,Will Leader 29 be the leader of Venezuela end of 2026?,,False,0.0,1.0,2026-12-31T00:00:00Z
143443,Venezuela leader end of 2026?,95774885.27022699,1813728.39056,57,1105785,Will Leader 30 be the leader of Venezuela end of 2026?,,False,0.0,1.0,2026-12-31T00:00:00Z
143443,Venezuela leader end of 2026?,95774885.27022699,1813728.39056,57,1105786,Will Leader 31 be the leader of Venezuela end of 2026?,,False,0.0,1.0,2026-12-31T00:00:00Z
143443,Venezuela leader end of 2026?,95774885.27022699,1813728.39056,57,1105787,Will Leader 32 be the leader of Venezuela end of 2026?,,False,0.0,1.0,2026-12-31T00:00:00Z
143443,Venezuela leader end of 2026?,95774885.27022699,1813728.39056,57,1105788,Will Leader 33 be the leader of Venezuela end of 2026?,,False,0.0,1.0,2026-12-31T00:00:00Z
143443,Venezuela leader end of 2026?,95774885.27022699,1813728.39056,57,1105789,Will Leader 34 be the leader of Venezuela end of 2026?,,False,0.0,1.0,2026-12-31T00:00:00Z
143443,Venezuela leader end of 2026?,95774885.27022699,1813728.39056,57,1105790,Will Leader 35 be the leader of Venezuela end of 2026?,,False,0.0,1.0,2026-12-31T00:00:00Z
143443,Venezuela leader end of 2026?,95774885.27022699,1813728.39056,57,1105791,Will Leader 36 be the leader of Venezuela end of 2026?,,False,0.0,1.0,2026-12-31T00:00:00Z
143443,Venezuela leader end of 2026?,95774885.27022699,1813728.39056,57,1105792,Will Leader 37 be the leader of Venezuela end of 2026?,,False,0.0,1.0,2026-12-31T00:00:00Z
143443,Venezuela leader end of 2026?,95774885.27022699,1813728.39056,57,1105793,Will Leader 38 be the leader of Venezuela end of 2026?,,False,0.0,1.0,2026-12-31T00:00:00Z
143443,Venezuela leader end of 2026?,95774885.27022699,1813728.39056,57,1105794,Will Leader 39 be the leader of Venezuela end of 2026?,,False,0.0,1.0,2026-12-31T00:00:00Z
143443,Venezuela leader end of 2026?,95774885.27022699,1813728.39056,57,1105795,Will Leader 40 be the leader of Venezuela end of 2026?,,False,0.0,1.0,2026-12-31T00:00:00Z
143443,Venezuela leader end of 2026?,95774885.27022699,1813728.39056,57,1105796,Will Other be the leader of Venezuela end of 2026?,,False,0.0,1.0,2026-12-31T00:00:00Z
51456,How many Fed rate cuts in 2026?,49266314.496247,3930325.35124,13,616902,Will no Fed rate cuts happen in 2026?,0.8625,True,0.862,0.863,2026-12-31T00:00:00Z
51456,How many Fed rate cuts in 2026?,49266314.496247,3930325.35124,13,616903,Will 1 Fed rate cut happen in 2026?,0.095,True,0.09,0.1,2026-12-31T00:00:00Z
51456,How many Fed rate cuts in 2026?,49266314.496247,3930325.35124,13,616904,Will 2 Fed rate cuts happen in 2026?,0.0335,True,0.033,0.034,2026-12-31T00:00:00Z
51456,How many Fed rate cuts in 2026?,49266314.496247,3930325.35124,13,616905,Will 3 Fed rate cuts happen in 2026?,0.0055,True,0.005,0.006,2026-12-31T00:00:00Z
51456,How many Fed rate cuts in 2026?,49266314.496247,3930325.35124,13,616906,Will 4 Fed rate cuts happen in 2026?,0.0035,True,0.003,0.004,2026-12-31T00:00:00Z
51456,How many Fed rate cuts in 2026?,49266314.496247,3930325.35124,13,616907,Will 5 Fed rate cuts happen in 2026?,0.0025,True,0.002,0.003,2026-12-31T00:00:00Z
51456,How many Fed rate cuts in 2026?,49266314.496247,3930325.35124,13,616908,Will 6 Fed rate cuts happen in 2026?,0.0015,True,0.001,0.002,2026-12-31T00:00:00Z
51456,How many Fed rate cuts in 2026?,49266314.496247,3930325.35124,13,616909,Will 7 Fed rate cuts happen in 2026?,0.0015,True,0.001,0.002,2026-12-31T00:00:00Z
51456,How many Fed rate cuts in 2026?,49266314.496247,3930325.35124,13,616910,Will 8 Fed rate cuts happen in 2026?,0.0015,True,0.001,0.002,2026-12-31T00:00:00Z
51456,How many Fed rate cuts in 2026?,49266314.496247,3930325.35124,13,616911,Will 9 Fed rate cuts happen in 2026?,0.0015,True,0.001,0.002,2026-12-31T00:00:00Z
51456,How many Fed rate cuts in 2026?,49266314.496247,3930325.35124,13,616912,Will 10 Fed rate cuts happen in 2026?,0.0005,True,,0.001,2026-12-31T00:00:00Z
51456,How many Fed rate cuts in 2026?,49266314.496247,3930325.35124,13,616913,Will 11 Fed rate cuts happen in 2026?,0.0005,True,,0.001,2026-12-31T00:00:00Z
51456,How many Fed rate cuts in 2026?,49266314.496247,3930325.35124,13,616914,Will 12 or more Fed rate cuts happen in 2026?,0.0015,True,0.001,0.002,2026-12-31T00:00:00Z
481717,Fed Decision in September?,47302638.722732015,4082490.28538,5,2252242,Will the Fed decrease interest rates by 50+ bps after the September 2026 meeting?,0.0025,True,0.002,0.003,2026-09-16T00:00:00Z
481717,Fed Decision in September?,47302638.722732015,4082490.28538,5,2252243,Will the Fed decrease interest rates by 25 bps after the September 2026 meeting?,0.0135,True,0.013,0.014,2026-09-16T00:00:00Z
481717,Fed Decision in September?,47302638.722732015,4082490.28538,5,2252244,Will there be no change in Fed interest rates after the September 2026 meeting?,0.685,True,0.68,0.69,2026-09-16T00:00:00Z
481717,Fed Decision in September?,47302638.722732015,4082490.28538,5,2252245,Will the Fed increase interest rates by 25 bps after the September 2026 meeting?,0.305,True,0.3,0.31,2026-09-16T00:00:00Z
481717,Fed Decision in September?,47302638.722732015,4082490.28538,5,2252246,Will the Fed increase interest rates by 50+ bps after the September 2026 meeting?,0.0045,True,0.004,0.005,2026-09-16T00:00:00Z
202857,Pro Football: 2027 Champion,46272812.817848,6242614.43538,33,1357371,Will the Arizona Cardinals win the 2027 NFL league championship?,0.0065,True,0.006,0.007,2027-02-14T23:55:00Z
202857,Pro Football: 2027 Champion,46272812.817848,6242614.43538,33,1357372,Will the Atlanta Falcons win the 2027 NFL league championship?,0.0055,True,0.005,0.006,2027-02-14T23:55:00Z
202857,Pro Football: 2027 Champion,46272812.817848,6242614.43538,33,1357373,Will the Baltimore Ravens win the 2027 NFL league championship?,0.076,True,0.075,0.077,2027-02-14T23:55:00Z
202857,Pro Football: 2027 Champion,46272812.817848,6242614.43538,33,1357374,Will the Buffalo Bills win the 2027 NFL league championship?,0.085,True,0.08,0.09,2027-02-14T23:55:00Z
202857,Pro Football: 2027 Champion,46272812.817848,6242614.43538,33,1357375,Will the Carolina Panthers win the 2027 NFL league championship?,0.0065,True,0.006,0.007,2027-02-14T23:55:00Z
202857,Pro Football: 2027 Champion,46272812.817848,6242614.43538,33,1357376,Will the Chicago Bears win the 2027 NFL league championship?,0.0355,True,0.035,0.036,2027-02-14T23:55:00Z
202857,Pro Football: 2027 Champion,46272812.817848,6242614.43538,33,1357377,Will the Cincinnati Bengals win the 2027 NFL league championship?,0.0355,True,0.035,0.036,2027-02-14T23:55:00Z
202857,Pro Football: 2027 Champion,46272812.817848,6242614.43538,33,1357378,Will the Cleveland Browns win the 2027 NFL league championship?,0.0065,True,0.006,0.007,2027-02-14T23:55:00Z
202857,Pro Football: 2027 Champion,46272812.817848,6242614.43538,33,1357379,Will the Dallas Cowboys win the 2027 NFL league championship?,0.0485,True,0.048,0.049,2027-02-14T23:55:00Z
202857,Pro Football: 2027 Champion,46272812.817848,6242614.43538,33,1357380,Will the Denver Broncos win the 2027 NFL league championship?,0.0505,True,0.05,0.051,2027-02-14T23:55:00Z
202857,Pro Football: 2027 Champion,46272812.817848,6242614.43538,33,1357381,Will the Detroit Lions win the 2027 NFL league championship?,0.04,True,0.039,0.041,2027-02-14T23:55:00Z
202857,Pro Football: 2027 Champion,46272812.817848,6242614.43538,33,1357382,Will the Green Bay Packers win the 2027 NFL league championship?,0.0315,True,0.031,0.032,2027-02-14T23:55:00Z
202857,Pro Football: 2027 Champion,46272812.817848,6242614.43538,33,1357383,Will the Houston Texans win the 2027 NFL league championship?,0.0415,True,0.041,0.042,2027-02-14T23:55:00Z
202857,Pro Football: 2027 Champion,46272812.817848,6242614.43538,33,1357384,Will the Indianapolis Colts win the 2027 NFL league championship?,0.0105,True,0.01,0.011,2027-02-14T23:55:00Z
202857,Pro Football: 2027 Champion,46272812.817848,6242614.43538,33,1357385,Will the Jacksonville Jaguars win the 2027 NFL league championship?,0.0335,True,0.033,0.034,2027-02-14T23:55:00Z
202857,Pro Football: 2027 Champion,46272812.817848,6242614.43538,33,1357386,Will the Kansas City Chiefs win the 2027 NFL league championship?,0.0625,True,0.062,0.063,2027-02-14T23:55:00Z
202857,Pro Football: 2027 Champion,46272812.817848,6242614.43538,33,1357387,Will the Las Vegas Raiders win the 2027 NFL league championship?,0.0035,True,0.003,0.004,2027-02-14T23:55:00Z
202857,Pro Football: 2027 Champion,46272812.817848,6242614.43538,33,1357388,Will the Los Angeles Chargers win the 2027 NFL league championship?,0.04,True,0.039,0.041,2027-02-14T23:55:00Z
202857,Pro Football: 2027 Champion,46272812.817848,6242614.43538,33,1357389,Will the Los Angeles Rams win the 2027 NFL league championship?,0.145,True,0.14,0.15,2027-02-14T23:55:00Z
202857,Pro Football: 2027 Champion,46272812.817848,6242614.43538,33,1357390,Will the Miami Dolphins win the 2027 NFL league championship?,0.0095,True,0.009,0.01,2027-02-14T23:55:00Z
202857,Pro Football: 2027 Champion,46272812.817848,6242614.43538,33,1357391,Will the Minnesota Vikings win the 2027 NFL league championship?,0.0135,True,0.013,0.014,2027-02-14T23:55:00Z
202857,Pro Football: 2027 Champion,46272812.817848,6242614.43538,33,1357392,Will the New England Patriots win the 2027 NFL league championship?,0.0355,True,0.035,0.036,2027-02-14T23:55:00Z
202857,Pro Football: 2027 Champion,46272812.817848,6242614.43538,33,1357393,Will the New Orleans Saints win the 2027 NFL league championship?,0.0075,True,0.007,0.008,2027-02-14T23:55:00Z
202857,Pro Football: 2027 Champion,46272812.817848,6242614.43538,33,1357394,Will the New York Giants win the 2027 NFL league championship?,0.0105,True,0.01,0.011,2027-02-14T23:55:00Z
202857,Pro Football: 2027 Champion,46272812.817848,6242614.43538,33,1357395,Will the New York Jets win the 2027 NFL league championship?,0.0065,True,0.006,0.007,2027-02-14T23:55:00Z
202857,Pro Football: 2027 Champion,46272812.817848,6242614.43538,33,1357396,Will the Philadelphia Eagles win the 2027 NFL league championship?,0.0435,True,0.043,0.044,2027-02-14T23:55:00Z
202857,Pro Football: 2027 Champion,46272812.817848,6242614.43538,33,1357397,Will the Pittsburgh Steelers win the 2027 NFL league championship?,0.0105,True,0.01,0.011,2027-02-14T23:55:00Z
202857,Pro Football: 2027 Champion,46272812.817848,6242614.43538,33,1357398,Will the San Francisco 49ers win the 2027 NFL league championship?,0.0375,True,0.037,0.038,2027-02-14T23:55:00Z
202857,Pro Football: 2027 Champion,46272812.817848,6242614.43538,33,1357399,Will the Seattle Seahawks win the 2027 NFL league championship?,0.085,True,0.08,0.09,2027-02-14T23:55:00Z
202857,Pro Football: 2027 Champion,46272812.817848,6242614.43538,33,1357400,Will the Tampa Bay Buccaneers win the 2027 NFL league championship?,0.0115,True,0.011,0.012,2027-02-14T23:55:00Z
202857,Pro Football: 2027 Champion,46272812.817848,6242614.43538,33,1357401,Will the Tennessee Titans win the 2027 NFL league championship?,0.0065,True,0.006,0.007,2027-02-14T23:55:00Z
202857,Pro Football: 2027 Champion,46272812.817848,6242614.43538,33,1357402,Will the Washington Commanders win the 2027 NFL league championship?,0.0105,True,0.01,0.011,2027-02-14T23:55:00Z
202857,Pro Football: 2027 Champion,46272812.817848,6242614.43538,33,1357403,Will another team win the 2027 NFL league championship?,,False,0.0,1.0,2027-02-14T23:55:00Z
57096,California Governor Election Winner,40832009.41223403,6448354.84316,45,628936,Will Rick Caruso win the California Governor Election in 2026?,0.0005,True,,0.001,2026-11-03T00:00:00Z
57096,California Governor Election Winner,40832009.41223403,6448354.84316,45,628937,Will Alex Padilla win the California Governor Election in 2026?,0.0005,True,,0.001,2026-11-03T00:00:00Z
57096,California Governor Election Winner,40832009.41223403,6448354.84316,45,628938,Will Katie Porter win the California Governor Election in 2026?,0.0005,True,,0.001,2026-11-03T00:00:00Z
57096,California Governor Election Winner,40832009.41223403,6448354.84316,45,628939,Will Antonio Villaraigosa win the California Governor Election in 2026?,0.0005,True,,0.001,2026-11-03T00:00:00Z
57096,California Governor Election Winner,40832009.41223403,6448354.84316,45,628940,Will Steve Hilton win the California Governor Election in 2026?,0.0475,True,0.047,0.048,2026-11-03T00:00:00Z
57096,California Governor Election Winner,40832009.41223403,6448354.84316,45,628941,Will Xavier Becerra win the California Governor Election in 2026?,0.9515,True,0.951,0.952,2026-11-03T00:00:00Z
57096,California Governor Election Winner,40832009.41223403,6448354.84316,45,628942,Will Stephen Cloobeck win the California Governor Election in 2026?,0.0005,True,,0.001,2026-11-03T00:00:00Z
57096,California Governor Election Winner,40832009.41223403,6448354.84316,45,628943,Will Butch Ware win the California Governor Election in 2026?,0.0005,True,,0.001,2026-11-03T00:00:00Z
57096,California Governor Election Winner,40832009.41223403,6448354.84316,45,628944,Will Betty Yee win the California Governor Election in 2026?,0.0005,True,,0.001,2026-11-03T00:00:00Z
57096,California Governor Election Winner,40832009.41223403,6448354.84316,45,628945,Will Toni Atkins win the California Governor Election in 2026?,0.0005,True,,0.001,2026-11-03T00:00:00Z
57096,California Governor Election Winner,40832009.41223403,6448354.84316,45,628946,Will Kyle Langford win the California Governor Election in 2026?,0.0005,True,,0.001,2026-11-03T00:00:00Z
57096,California Governor Election Winner,40832009.41223403,6448354.84316,45,628947,Will Chad Bianco win the California Governor Election in 2026?,0.0005,True,,0.001,2026-11-03T00:00:00Z
57096,California Governor Election Winner,40832009.41223403,6448354.84316,45,628948,Will Eleni Kounalakis win the California Governor Election in 2026?,0.0005,True,,0.001,2026-11-03T00:00:00Z
57096,California Governor Election Winner,40832009.41223403,6448354.84316,45,628949,Will Daniel Mercuri win the California Governor Election in 2026?,0.0005,True,,0.001,2026-11-03T00:00:00Z
57096,California Governor Election Winner,40832009.41223403,6448354.84316,45,628950,Will Tony Thurmond win the California Governor Election in 2026?,0.0005,True,,0.001,2026-11-03T00:00:00Z
57096,California Governor Election Winner,40832009.41223403,6448354.84316,45,628951,Will Michael Younger win the California Governor Election in 2026?,0.0005,True,,0.001,2026-11-03T00:00:00Z
57096,California Governor Election Winner,40832009.41223403,6448354.84316,45,628952,Will Leo Zacky win the California Governor Election in 2026?,0.0005,True,,0.001,2026-11-03T00:00:00Z
57096,California Governor Election Winner,40832009.41223403,6448354.84316,45,628953,Will Nicole Shanahan win the California Governor Election in 2026?,0.0005,True,,0.001,2026-11-03T00:00:00Z
57096,California Governor Election Winner,40832009.41223403,6448354.84316,45,628954,Will Eric Swalwell win the California Governor Election in 2026?,0.0005,True,,0.001,2026-11-03T00:00:00Z
57096,California Governor Election Winner,40832009.41223403,6448354.84316,45,628955,Will Tom Steyer win the California Governor Election in 2026?,0.0015,True,0.001,0.002,2026-11-03T00:00:00Z
57096,California Governor Election Winner,40832009.41223403,6448354.84316,45,628956,Will Kamala Harris win the California Governor Election in 2026?,0.0005,True,,0.001,2026-11-03T00:00:00Z
57096,California Governor Election Winner,40832009.41223403,6448354.84316,45,628957,Will Matt Mahan win the California Governor Election in 2026?,0.0005,True,,0.001,2026-11-03T00:00:00Z
57096,California Governor Election Winner,40832009.41223403,6448354.84316,45,628958,Will Elaine Culotti win the California Governor Election in 2026?,0.0005,True,,0.001,2026-11-03T00:00:00Z
57096,California Governor Election Winner,40832009.41223403,6448354.84316,45,628959,Will Option F win the California Governor Election in 2026?,,False,0.0,1.0,2026-11-03T00:00:00Z
57096,California Governor Election Winner,40832009.41223403,6448354.84316,45,628960,Will Option G win the California Governor Election in 2026?,,False,0.0,1.0,2026-11-03T00:00:00Z
57096,California Governor Election Winner,40832009.41223403,6448354.84316,45,628961,Will Option H win the California Governor Election in 2026?,,False,0.0,1.0,2026-11-03T00:00:00Z
57096,California Governor Election Winner,40832009.41223403,6448354.84316,45,628962,Will Option I win the California Governor Election in 2026?,,False,0.0,1.0,2026-11-03T00:00:00Z
57096,California Governor Election Winner,40832009.41223403,6448354.84316,45,628963,Will Option J win the California Governor Election in 2026?,,False,0.0,1.0,2026-11-03T00:00:00Z
57096,California Governor Election Winner,40832009.41223403,6448354.84316,45,628964,Will Option K win the California Governor Election in 2026?,,False,0.0,1.0,2026-11-03T00:00:00Z
57096,California Governor Election Winner,40832009.41223403,6448354.84316,45,628965,Will Option L win the California Governor Election in 2026?,,False,0.0,1.0,2026-11-03T00:00:00Z
57096,California Governor Election Winner,40832009.41223403,6448354.84316,45,628966,Will Option M win the California Governor Election in 2026?,,False,0.0,1.0,2026-11-03T00:00:00Z
57096,California Governor Election Winner,40832009.41223403,6448354.84316,45,628967,Will Option N win the California Governor Election in 2026?,,False,0.0,1.0,2026-11-03T00:00:00Z
57096,California Governor Election Winner,40832009.41223403,6448354.84316,45,628968,Will Option O win the California Governor Election in 2026?,,False,0.0,1.0,2026-11-03T00:00:00Z
57096,California Governor Election Winner,40832009.41223403,6448354.84316,45,628969,Will Option P win the California Governor Election in 2026?,,False,0.0,1.0,2026-11-03T00:00:00Z
57096,California Governor Election Winner,40832009.41223403,6448354.84316,45,628970,Will Option Q win the California Governor Election in 2026?,,False,0.0,1.0,2026-11-03T00:00:00Z
57096,California Governor Election Winner,40832009.41223403,6448354.84316,45,628971,Will Option R win the California Governor Election in 2026?,,False,0.0,1.0,2026-11-03T00:00:00Z
57096,California Governor Election Winner,40832009.41223403,6448354.84316,45,628972,Will Option S win the California Governor Election in 2026?,,False,0.0,1.0,2026-11-03T00:00:00Z
57096,California Governor Election Winner,40832009.41223403,6448354.84316,45,628973,Will Option T win the California Governor Election in 2026?,,False,0.0,1.0,2026-11-03T00:00:00Z
57096,California Governor Election Winner,40832009.41223403,6448354.84316,45,628974,Will Option U win the California Governor Election in 2026?,,False,0.0,1.0,2026-11-03T00:00:00Z
57096,California Governor Election Winner,40832009.41223403,6448354.84316,45,628975,Will Option V win the California Governor Election in 2026?,,False,0.0,1.0,2026-11-03T00:00:00Z
57096,California Governor Election Winner,40832009.41223403,6448354.84316,45,628976,Will Option W win the California Governor Election in 2026?,,False,0.0,1.0,2026-11-03T00:00:00Z
57096,California Governor Election Winner,40832009.41223403,6448354.84316,45,628977,Will Option X win the California Governor Election in 2026?,,False,0.0,1.0,2026-11-03T00:00:00Z
57096,California Governor Election Winner,40832009.41223403,6448354.84316,45,628978,Will Option Y win the California Governor Election in 2026?,,False,0.0,1.0,2026-11-03T00:00:00Z
57096,California Governor Election Winner,40832009.41223403,6448354.84316,45,628979,Will Option Z win the California Governor Election in 2026?,,False,0.0,1.0,2026-11-03T00:00:00Z
57096,California Governor Election Winner,40832009.41223403,6448354.84316,45,628980,Will Other win the California Governor Election in 2026?,,False,0.0,1.0,2026-11-03T00:00:00Z
179312,MLB World Series Champion 2026,39404619.524505,4528295.80456,31,1235547,Will the New York Yankees win the 2026 World Series?,0.095,True,0.09,0.1,2026-10-31T23:55:00Z
179312,MLB World Series Champion 2026,39404619.524505,4528295.80456,31,1235548,Will the Toronto Blue Jays win the 2026 World Series?,0.016,True,0.013,0.019,2026-10-31T23:55:00Z
179312,MLB World Series Champion 2026,39404619.524505,4528295.80456,31,1235549,Will the Tampa Bay Rays win the 2026 World Series?,0.0695,True,0.067,0.072,2026-10-31T23:55:00Z
179312,MLB World Series Champion 2026,39404619.524505,4528295.80456,31,1235550,Will the Baltimore Orioles win the 2026 World Series?,0.0035,True,0.003,0.004,2026-10-31T23:55:00Z
179312,MLB World Series Champion 2026,39404619.524505,4528295.80456,31,1235551,Will the Boston Red Sox win the 2026 World Series?,0.0525,True,0.052,0.053,2026-10-31T23:55:00Z
179312,MLB World Series Champion 2026,39404619.524505,4528295.80456,31,1235552,Will the Cleveland Guardians win the 2026 World Series?,0.01,True,0.009,0.011,2026-10-31T23:55:00Z
179312,MLB World Series Champion 2026,39404619.524505,4528295.80456,31,1235553,Will the Chicago White Sox win the 2026 World Series?,0.033,True,0.031,0.035,2026-10-31T23:55:00Z
179312,MLB World Series Champion 2026,39404619.524505,4528295.80456,31,1235554,Will the Minnesota Twins win the 2026 World Series?,0.007,True,0.004,0.01,2026-10-31T23:55:00Z
179312,MLB World Series Champion 2026,39404619.524505,4528295.80456,31,1235555,Will the Detroit Tigers win the 2026 World Series?,0.0115,True,0.011,0.012,2026-10-31T23:55:00Z
179312,MLB World Series Champion 2026,39404619.524505,4528295.80456,31,1235556,Will the Kansas City Royals win the 2026 World Series?,0.0005,True,,0.001,2026-10-31T23:55:00Z
179312,MLB World Series Champion 2026,39404619.524505,4528295.80456,31,1235557,Will the Houston Astros win the 2026 World Series?,0.0205,True,0.02,0.021,2026-10-31T23:55:00Z
179312,MLB World Series Champion 2026,39404619.524505,4528295.80456,31,1235558,Will the Seattle Mariners win the 2026 World Series?,0.0155,True,0.015,0.016,2026-10-31T23:55:00Z
179312,MLB World Series Champion 2026,39404619.524505,4528295.80456,31,1235559,Will the Los Angeles Angels win the 2026 World Series?,0.0005,True,,0.001,2026-10-31T23:55:00Z
179312,MLB World Series Champion 2026,39404619.524505,4528295.80456,31,1235560,Will the Texas Rangers win the 2026 World Series?,0.014,True,0.013,0.015,2026-10-31T23:55:00Z
179312,MLB World Series Champion 2026,39404619.524505,4528295.80456,31,1235561,Will the Athletics win the 2026 World Series?,0.0005,True,,0.001,2026-10-31T23:55:00Z
179312,MLB World Series Champion 2026,39404619.524505,4528295.80456,31,1235562,Will the Atlanta Braves win the 2026 World Series?,0.067,True,0.066,0.068,2026-10-31T23:55:00Z
179312,MLB World Series Champion 2026,39404619.524505,4528295.80456,31,1235563,Will the New York Mets win the 2026 World Series?,0.0005,True,,0.001,2026-10-31T23:55:00Z
179312,MLB World Series Champion 2026,39404619.524505,4528295.80456,31,1235564,Will the Philadelphia Phillies win the 2026 World Series?,0.0455,True,0.045,0.046,2026-10-31T23:55:00Z
179312,MLB World Series Champion 2026,39404619.524505,4528295.80456,31,1235565,Will the Miami Marlins win the 2026 World Series?,0.0015,True,0.001,0.002,2026-10-31T23:55:00Z
179312,MLB World Series Champion 2026,39404619.524505,4528295.80456,31,1235566,Will the Washington Nationals win the 2026 World Series?,0.0005,True,,0.001,2026-10-31T23:55:00Z
179312,MLB World Series Champion 2026,39404619.524505,4528295.80456,31,1235567,Will the St. Louis Cardinals win the 2026 World Series?,0.0035,True,0.003,0.004,2026-10-31T23:55:00Z
179312,MLB World Series Champion 2026,39404619.524505,4528295.80456,31,1235568,Will the Milwaukee Brewers win the 2026 World Series?,0.105,True,0.103,0.107,2026-10-31T23:55:00Z
179312,MLB World Series Champion 2026,39404619.524505,4528295.80456,31,1235569,Will the Chicago Cubs win the 2026 World Series?,0.0575,True,0.057,0.058,2026-10-31T23:55:00Z
179312,MLB World Series Champion 2026,39404619.524505,4528295.80456,31,1235570,Will the Cincinnati Reds win the 2026 World Series?,0.0005,True,,0.001,2026-10-31T23:55:00Z
179312,MLB World Series Champion 2026,39404619.524505,4528295.80456,31,1235571,Will the Pittsburgh Pirates win the 2026 World Series?,0.0015,True,0.001,0.002,2026-10-31T23:55:00Z
179312,MLB World Series Champion 2026,39404619.524505,4528295.80456,31,1235572,Will the Los Angeles Dodgers win the 2026 World Series?,0.315,True,0.31,0.32,2026-10-31T23:55:00Z
179312,MLB World Series Champion 2026,39404619.524505,4528295.80456,31,1235573,Will the San Diego Padres win the 2026 World Series?,0.026,True,0.025,0.027,2026-10-31T23:55:00Z
179312,MLB World Series Champion 2026,39404619.524505,4528295.80456,31,1235574,Will the San Francisco Giants win the 2026 World Series?,0.0005,True,,0.001,2026-10-31T23:55:00Z
179312,MLB World Series Champion 2026,39404619.524505,4528295.80456,31,1235575,Will the Arizona Diamondbacks win the 2026 World Series?,0.0085,True,0.008,0.009,2026-10-31T23:55:00Z
179312,MLB World Series Champion 2026,39404619.524505,4528295.80456,31,1235576,Will the Colorado Rockies win the 2026 World Series?,0.0005,True,,0.001,2026-10-31T23:55:00Z
179312,MLB World Series Champion 2026,39404619.524505,4528295.80456,31,1235577,Will another team win the 2026 World Series?,,False,0.0,1.0,2026-10-31T23:55:00Z
237598,Iran leader end of 2026?,38751177.567119,3444457.76359,123,1469734,Will there be no Head of State in Iran end of 2026?,0.0395,True,0.039,0.04,2026-12-31T00:00:00Z
237598,Iran leader end of 2026?,38751177.567119,3444457.76359,123,1469735,Will Muhammad Mirbaqiri be head of state in Iran end of 2026?,0.0035,True,0.003,0.004,2026-12-31T00:00:00Z
237598,Iran leader end of 2026?,38751177.567119,3444457.76359,123,1469736,Will Sadegh Larijani be head of state in Iran end of 2026?,0.0015,True,0.001,0.002,2026-12-31T00:00:00Z
237598,Iran leader end of 2026?,38751177.567119,3444457.76359,123,1469737,Will Mojtaba Khamenei be head of state in Iran end of 2026?,0.8275,True,0.827,0.828,2026-12-31T00:00:00Z
237598,Iran leader end of 2026?,38751177.567119,3444457.76359,123,1469738,Will Hassan Khomeini be head of state in Iran end of 2026?,0.006,True,0.004,0.008,2026-12-31T00:00:00Z
237598,Iran leader end of 2026?,38751177.567119,3444457.76359,123,1469739,Will Reza Pahlavi be head of state in Iran end of 2026?,0.0275,True,0.026,0.029,2026-12-31T00:00:00Z
237598,Iran leader end of 2026?,38751177.567119,3444457.76359,123,1469740,Will Hassan Shariatmadari be head of state in Iran end of 2026?,0.0015,True,0.001,0.002,2026-12-31T00:00:00Z
237598,Iran leader end of 2026?,38751177.567119,3444457.76359,123,1469741,Will Maryam Rajavi be head of state in Iran end of 2026?,0.0015,True,0.001,0.002,2026-12-31T00:00:00Z
237598,Iran leader end of 2026?,38751177.567119,3444457.76359,123,1469742,Will Massoud Rajavi be head of state in Iran end of 2026?,0.0015,True,0.001,0.002,2026-12-31T00:00:00Z
237598,Iran leader end of 2026?,38751177.567119,3444457.76359,123,1469743,Will Seyed Hossein Mousavian be head of state in Iran end of 2026?,0.0015,True,0.001,0.002,2026-12-31T00:00:00Z
237598,Iran leader end of 2026?,38751177.567119,3444457.76359,123,1469744,Will Reza Pirzadeh be head of state in Iran end of 2026?,0.0015,True,0.001,0.002,2026-12-31T00:00:00Z
237598,Iran leader end of 2026?,38751177.567119,3444457.76359,123,1469745,Will Navid Shomali be head of state in Iran end of 2026?,0.0015,True,0.001,0.002,2026-12-31T00:00:00Z
237598,Iran leader end of 2026?,38751177.567119,3444457.76359,123,1469746,Will Mustafa Hijri be head of state in Iran end of 2026?,0.0015,True,0.001,0.002,2026-12-31T00:00:00Z
237598,Iran leader end of 2026?,38751177.567119,3444457.76359,123,1469747,Will Ali Motahari be head of state in Iran end of 2026?,0.0015,True,0.001,0.002,2026-12-31T00:00:00Z
237598,Iran leader end of 2026?,38751177.567119,3444457.76359,123,1469748,Will Gholam-Ali Haddad-Adel be head of state in Iran end of 2026?,0.0015,True,0.001,0.002,2026-12-31T00:00:00Z
237598,Iran leader end of 2026?,38751177.567119,3444457.76359,123,1469749,Will Mostafa Pourmohammadi be head of state in Iran end of 2026?,0.0015,True,0.001,0.002,2026-12-31T00:00:00Z
237598,Iran leader end of 2026?,38751177.567119,3444457.76359,123,1469750,Will Sadegh Mahsouli be head of state in Iran end of 2026?,0.0015,True,0.001,0.002,2026-12-31T00:00:00Z
237598,Iran leader end of 2026?,38751177.567119,3444457.76359,123,1469751,Will Masoud Pezeshkian be head of state in Iran end of 2026?,0.0055,True,0.005,0.006,2026-12-31T00:00:00Z
237598,Iran leader end of 2026?,38751177.567119,3444457.76359,123,1469752,Will Saeed Jalili be head of state in Iran end of 2026?,0.0015,True,0.001,0.002,2026-12-31T00:00:00Z
237598,Iran leader end of 2026?,38751177.567119,3444457.76359,123,1469753,Will Hassan Rouhani be head of state in Iran end of 2026?,0.007,True,0.006,0.008,2026-12-31T00:00:00Z
237598,Iran leader end of 2026?,38751177.567119,3444457.76359,123,1469754,Will Mahmoud Ahmadinejad be head of state in Iran end of 2026?,0.015,True,0.013,0.017,2026-12-31T00:00:00Z
237598,Iran leader end of 2026?,38751177.567119,3444457.76359,123,1469755,Will Mohammad Khatami be head of state in Iran end of 2026?,0.0015,True,0.001,0.002,2026-12-31T00:00:00Z
237598,Iran leader end of 2026?,38751177.567119,3444457.76359,123,1469756,Will Other be head of state in Iran end of 2026?,,False,0.0,1.0,2026-12-31T00:00:00Z
237598,Iran leader end of 2026?,38751177.567119,3444457.76359,123,1469757,Will Mohammad Pakpour be head of state in Iran end of 2026?,0.0,False,,0.001,2026-12-31T00:00:00Z
237598,Iran leader end of 2026?,38751177.567119,3444457.76359,123,1469758,Will Alireza Arafi be head of state in Iran end of 2026?,0.0195,True,0.019,0.02,2026-12-31T00:00:00Z
237598,Iran leader end of 2026?,38751177.567119,3444457.76359,123,1469759,Will Ali Larijani be head of state in Iran end of 2026?,0.0,False,,0.001,2026-12-31T00:00:00Z
237598,Iran leader end of 2026?,38751177.567119,3444457.76359,123,1469760,Will Abbas Araghchi be head of state in Iran end of 2026?,0.004,True,0.003,0.005,2026-12-31T00:00:00Z
237598,Iran leader end of 2026?,38751177.567119,3444457.76359,123,1469761,Will Ahmad Vahidi be head of state in Iran end of 2026?,0.0095,True,0.009,0.01,2026-12-31T00:00:00Z
237598,Iran leader end of 2026?,38751177.567119,3444457.76359,123,1469762,Will Mohsen Araki be head of state in Iran end of 2026?,0.0015,True,0.001,0.002,2026-12-31T00:00:00Z
237598,Iran leader end of 2026?,38751177.567119,3444457.76359,123,1469763,Will Nasir Hosseini be head of state in Iran end of 2026?,0.0015,True,0.001,0.002,2026-12-31T00:00:00Z
237598,Iran leader end of 2026?,38751177.567119,3444457.76359,123,1469764,Will Ahmad Hosseini Khorasani be head of state in Iran end of 2026?,0.0015,True,0.001,0.002,2026-12-31T00:00:00Z
237598,Iran leader end of 2026?,38751177.567119,3444457.76359,123,1469765,Will Ali Asghar Hejazi be head of state in Iran end of 2026?,0.0015,True,0.001,0.002,2026-12-31T00:00:00Z
237598,Iran leader end of 2026?,38751177.567119,3444457.76359,123,1469766,Will Mohammad-Bagher Ghalibaf be head of state in Iran end of 2026?,0.0065,True,0.005,0.008,2026-12-31T00:00:00Z
237598,Iran leader end of 2026?,38751177.567119,3444457.76359,123,1469767,Will o be head of state in Iran end of 2026?,,False,0.0,1.0,2026-12-31T00:00:00Z
237598,Iran leader end of 2026?,38751177.567119,3444457.76359,123,1469768,Will p be head of state in Iran end of 2026?,,False,0.0,1.0,2026-12-31T00:00:00Z
237598,Iran leader end of 2026?,38751177.567119,3444457.76359,123,1469769,Will q be head of state in Iran end of 2026?,,False,0.0,1.0,2026-12-31T00:00:00Z
237598,Iran leader end of 2026?,38751177.567119,3444457.76359,123,1469770,Will r be head of state in Iran end of 2026?,,False,0.0,1.0,2026-12-31T00:00:00Z
237598,Iran leader end of 2026?,38751177.567119,3444457.76359,123,1469771,Will s be head of state in Iran end of 2026?,,False,0.0,1.0,2026-12-31T00:00:00Z
237598,Iran leader end of 2026?,38751177.567119,3444457.76359,123,1469772,Will t be head of state in Iran end of 2026?,,False,0.0,1.0,2026-12-31T00:00:00Z
237598,Iran leader end of 2026?,38751177.567119,3444457.76359,123,1469773,Will u be head of state in Iran end of 2026?,,False,0.0,1.0,2026-12-31T00:00:00Z
237598,Iran leader end of 2026?,38751177.567119,3444457.76359,123,1469774,Will v be head of state in Iran end of 2026?,,False,0.0,1.0,2026-12-31T00:00:00Z
237598,Iran leader end of 2026?,38751177.567119,3444457.76359,123,1469775,Will w be head of state in Iran end of 2026?,,False,0.0,1.0,2026-12-31T00:00:00Z
237598,Iran leader end of 2026?,38751177.567119,3444457.76359,123,1469776,Will x be head of state in Iran end of 2026?,,False,0.0,1.0,2026-12-31T00:00:00Z
237598,Iran leader end of 2026?,38751177.567119,3444457.76359,123,1469777,Will y be head of state in Iran end of 2026?,,False,0.0,1.0,2026-12-31T00:00:00Z
237598,Iran leader end of 2026?,38751177.567119,3444457.76359,123,1469778,Will z be head of state in Iran end of 2026?,,False,0.0,1.0,2026-12-31T00:00:00Z
237598,Iran leader end of 2026?,38751177.567119,3444457.76359,123,1469779,Will aa be head of state in Iran end of 2026?,,False,0.0,1.0,2026-12-31T00:00:00Z
237598,Iran leader end of 2026?,38751177.567119,3444457.76359,123,1469780,Will ab be head of state in Iran end of 2026?,,False,0.0,1.0,2026-12-31T00:00:00Z
237598,Iran leader end of 2026?,38751177.567119,3444457.76359,123,1469781,Will ac be head of state in Iran end of 2026?,,False,0.0,1.0,2026-12-31T00:00:00Z
237598,Iran leader end of 2026?,38751177.567119,3444457.76359,123,1469782,Will ad be head of state in Iran end of 2026?,,False,0.0,1.0,2026-12-31T00:00:00Z
237598,Iran leader end of 2026?,38751177.567119,3444457.76359,123,1469783,Will ae be head of state in Iran end of 2026?,,False,0.0,1.0,2026-12-31T00:00:00Z
237598,Iran leader end of 2026?,38751177.567119,3444457.76359,123,1469784,Will af be head of state in Iran end of 2026?,,False,0.0,1.0,2026-12-31T00:00:00Z
237598,Iran leader end of 2026?,38751177.567119,3444457.76359,123,1469785,Will ag be head of state in Iran end of 2026?,,False,0.0,1.0,2026-12-31T00:00:00Z
237598,Iran leader end of 2026?,38751177.567119,3444457.76359,123,1469786,Will ah be head of state in Iran end of 2026?,,False,0.0,1.0,2026-12-31T00:00:00Z
237598,Iran leader end of 2026?,38751177.567119,3444457.76359,123,1469787,Will ai be head of state in Iran end of 2026?,,False,0.0,1.0,2026-12-31T00:00:00Z
237598,Iran leader end of 2026?,38751177.567119,3444457.76359,123,1469788,Will aj be head of state in Iran end of 2026?,,False,0.0,1.0,2026-12-31T00:00:00Z
237598,Iran leader end of 2026?,38751177.567119,3444457.76359,123,1469789,Will ak be head of state in Iran end of 2026?,,False,0.0,1.0,2026-12-31T00:00:00Z
237598,Iran leader end of 2026?,38751177.567119,3444457.76359,123,1469790,Will al be head of state in Iran end of 2026?,,False,0.0,1.0,2026-12-31T00:00:00Z
237598,Iran leader end of 2026?,38751177.567119,3444457.76359,123,1469791,Will am be head of state in Iran end of 2026?,,False,0.0,1.0,2026-12-31T00:00:00Z
237598,Iran leader end of 2026?,38751177.567119,3444457.76359,123,1469792,Will an be head of state in Iran end of 2026?,,False,0.0,1.0,2026-12-31T00:00:00Z
237598,Iran leader end of 2026?,38751177.567119,3444457.76359,123,1469793,Will ao be head of state in Iran end of 2026?,,False,0.0,1.0,2026-12-31T00:00:00Z
237598,Iran leader end of 2026?,38751177.567119,3444457.76359,123,1469794,Will ap be head of state in Iran end of 2026?,,False,0.0,1.0,2026-12-31T00:00:00Z
237598,Iran leader end of 2026?,38751177.567119,3444457.76359,123,1469795,Will aq be head of state in Iran end of 2026?,,False,0.0,1.0,2026-12-31T00:00:00Z
237598,Iran leader end of 2026?,38751177.567119,3444457.76359,123,1469796,Will ar be head of state in Iran end of 2026?,,False,0.0,1.0,2026-12-31T00:00:00Z
237598,Iran leader end of 2026?,38751177.567119,3444457.76359,123,1469797,Will as be head of state in Iran end of 2026?,,False,0.0,1.0,2026-12-31T00:00:00Z
237598,Iran leader end of 2026?,38751177.567119,3444457.76359,123,1469798,Will at be head of state in Iran end of 2026?,,False,0.0,1.0,2026-12-31T00:00:00Z
237598,Iran leader end of 2026?,38751177.567119,3444457.76359,123,1469799,Will au be head of state in Iran end of 2026?,,False,0.0,1.0,2026-12-31T00:00:00Z
237598,Iran leader end of 2026?,38751177.567119,3444457.76359,123,1469800,Will av be head of state in Iran end of 2026?,,False,0.0,1.0,2026-12-31T00:00:00Z
237598,Iran leader end of 2026?,38751177.567119,3444457.76359,123,1469801,Will aw be head of state in Iran end of 2026?,,False,0.0,1.0,2026-12-31T00:00:00Z
237598,Iran leader end of 2026?,38751177.567119,3444457.76359,123,1469802,Will ax be head of state in Iran end of 2026?,,False,0.0,1.0,2026-12-31T00:00:00Z
237598,Iran leader end of 2026?,38751177.567119,3444457.76359,123,1469803,Will ay be head of state in Iran end of 2026?,,False,0.0,1.0,2026-12-31T00:00:00Z
237598,Iran leader end of 2026?,38751177.567119,3444457.76359,123,1469804,Will az be head of state in Iran end of 2026?,,False,0.0,1.0,2026-12-31T00:00:00Z
237598,Iran leader end of 2026?,38751177.567119,3444457.76359,123,1469805,Will ba be head of state in Iran end of 2026?,,False,0.0,1.0,2026-12-31T00:00:00Z
237598,Iran leader end of 2026?,38751177.567119,3444457.76359,123,1469806,Will bb be head of state in Iran end of 2026?,,False,0.0,1.0,2026-12-31T00:00:00Z
237598,Iran leader end of 2026?,38751177.567119,3444457.76359,123,1469807,Will bc be head of state in Iran end of 2026?,,False,0.0,1.0,2026-12-31T00:00:00Z
237598,Iran leader end of 2026?,38751177.567119,3444457.76359,123,1469808,Will bd be head of state in Iran end of 2026?,,False,0.0,1.0,2026-12-31T00:00:00Z
237598,Iran leader end of 2026?,38751177.567119,3444457.76359,123,1469809,Will be be head of state in Iran end of 2026?,,False,0.0,1.0,2026-12-31T00:00:00Z
237598,Iran leader end of 2026?,38751177.567119,3444457.76359,123,1469810,Will bf be head of state in Iran end of 2026?,,False,0.0,1.0,2026-12-31T00:00:00Z
237598,Iran leader end of 2026?,38751177.567119,3444457.76359,123,1469811,Will bg be head of state in Iran end of 2026?,,False,0.0,1.0,2026-12-31T00:00:00Z
237598,Iran leader end of 2026?,38751177.567119,3444457.76359,123,1469812,Will bh be head of state in Iran end of 2026?,,False,0.0,1.0,2026-12-31T00:00:00Z
237598,Iran leader end of 2026?,38751177.567119,3444457.76359,123,1469813,Will bi be head of state in Iran end of 2026?,,False,0.0,1.0,2026-12-31T00:00:00Z
237598,Iran leader end of 2026?,38751177.567119,3444457.76359,123,1469814,Will bj be head of state in Iran end of 2026?,,False,0.0,1.0,2026-12-31T00:00:00Z
237598,Iran leader end of 2026?,38751177.567119,3444457.76359,123,1469815,Will bk be head of state in Iran end of 2026?,,False,0.0,1.0,2026-12-31T00:00:00Z
237598,Iran leader end of 2026?,38751177.567119,3444457.76359,123,1469816,Will bl be head of state in Iran end of 2026?,,False,0.0,1.0,2026-12-31T00:00:00Z
237598,Iran leader end of 2026?,38751177.567119,3444457.76359,123,1469817,Will bm be head of state in Iran end of 2026?,,False,0.0,1.0,2026-12-31T00:00:00Z
237598,Iran leader end of 2026?,38751177.567119,3444457.76359,123,1469818,Will bn be head of state in Iran end of 2026?,,False,0.0,1.0,2026-12-31T00:00:00Z
237598,Iran leader end of 2026?,38751177.567119,3444457.76359,123,1469819,Will bo be head of state in Iran end of 2026?,,False,0.0,1.0,2026-12-31T00:00:00Z
237598,Iran leader end of 2026?,38751177.567119,3444457.76359,123,1469820,Will bp be head of state in Iran end of 2026?,,False,0.0,1.0,2026-12-31T00:00:00Z
237598,Iran leader end of 2026?,38751177.567119,3444457.76359,123,1469821,Will bq be head of state in Iran end of 2026?,,False,0.0,1.0,2026-12-31T00:00:00Z
237598,Iran leader end of 2026?,38751177.567119,3444457.76359,123,1469822,Will br be head of state in Iran end of 2026?,,False,0.0,1.0,2026-12-31T00:00:00Z
237598,Iran leader end of 2026?,38751177.567119,3444457.76359,123,1469823,Will bs be head of state in Iran end of 2026?,,False,0.0,1.0,2026-12-31T00:00:00Z
237598,Iran leader end of 2026?,38751177.567119,3444457.76359,123,1469824,Will bt be head of state in Iran end of 2026?,,False,0.0,1.0,2026-12-31T00:00:00Z
237598,Iran leader end of 2026?,38751177.567119,3444457.76359,123,1469825,Will bu be head of state in Iran end of 2026?,,False,0.0,1.0,2026-12-31T00:00:00Z
237598,Iran leader end of 2026?,38751177.567119,3444457.76359,123,1469826,Will bv be head of state in Iran end of 2026?,,False,0.0,1.0,2026-12-31T00:00:00Z
237598,Iran leader end of 2026?,38751177.567119,3444457.76359,123,1469827,Will bw be head of state in Iran end of 2026?,,False,0.0,1.0,2026-12-31T00:00:00Z
237598,Iran leader end of 2026?,38751177.567119,3444457.76359,123,1469828,Will bx be head of state in Iran end of 2026?,,False,0.0,1.0,2026-12-31T00:00:00Z
237598,Iran leader end of 2026?,38751177.567119,3444457.76359,123,1469829,Will by be head of state in Iran end of 2026?,,False,0.0,1.0,2026-12-31T00:00:00Z
237598,Iran leader end of 2026?,38751177.567119,3444457.76359,123,1469830,Will bz be head of state in Iran end of 2026?,,False,0.0,1.0,2026-12-31T00:00:00Z
237598,Iran leader end of 2026?,38751177.567119,3444457.76359,123,1469831,Will ca be head of state in Iran end of 2026?,,False,0.0,1.0,2026-12-31T00:00:00Z
237598,Iran leader end of 2026?,38751177.567119,3444457.76359,123,1469832,Will cb be head of state in Iran end of 2026?,,False,0.0,1.0,2026-12-31T00:00:00Z
237598,Iran leader end of 2026?,38751177.567119,3444457.76359,123,1469833,Will cc be head of state in Iran end of 2026?,,False,0.0,1.0,2026-12-31T00:00:00Z
237598,Iran leader end of 2026?,38751177.567119,3444457.76359,123,1469834,Will cd be head of state in Iran end of 2026?,,False,0.0,1.0,2026-12-31T00:00:00Z
237598,Iran leader end of 2026?,38751177.567119,3444457.76359,123,1469835,Will ce be head of state in Iran end of 2026?,,False,0.0,1.0,2026-12-31T00:00:00Z
237598,Iran leader end of 2026?,38751177.567119,3444457.76359,123,1469836,Will cf be head of state in Iran end of 2026?,,False,0.0,1.0,2026-12-31T00:00:00Z
237598,Iran leader end of 2026?,38751177.567119,3444457.76359,123,1469837,Will cg be head of state in Iran end of 2026?,,False,0.0,1.0,2026-12-31T00:00:00Z
237598,Iran leader end of 2026?,38751177.567119,3444457.76359,123,1469838,Will ch be head of state in Iran end of 2026?,,False,0.0,1.0,2026-12-31T00:00:00Z
237598,Iran leader end of 2026?,38751177.567119,3444457.76359,123,1469839,Will ci be head of state in Iran end of 2026?,,False,0.0,1.0,2026-12-31T00:00:00Z
237598,Iran leader end of 2026?,38751177.567119,3444457.76359,123,1469840,Will cj be head of state in Iran end of 2026?,,False,0.0,1.0,2026-12-31T00:00:00Z
237598,Iran leader end of 2026?,38751177.567119,3444457.76359,123,1469841,Will ck be head of state in Iran end of 2026?,,False,0.0,1.0,2026-12-31T00:00:00Z
237598,Iran leader end of 2026?,38751177.567119,3444457.76359,123,1469842,Will cl be head of state in Iran end of 2026?,,False,0.0,1.0,2026-12-31T00:00:00Z
237598,Iran leader end of 2026?,38751177.567119,3444457.76359,123,1469843,Will cm be head of state in Iran end of 2026?,,False,0.0,1.0,2026-12-31T00:00:00Z
237598,Iran leader end of 2026?,38751177.567119,3444457.76359,123,1469844,Will cn be head of state in Iran end of 2026?,,False,0.0,1.0,2026-12-31T00:00:00Z
237598,Iran leader end of 2026?,38751177.567119,3444457.76359,123,1469845,Will co be head of state in Iran end of 2026?,,False,0.0,1.0,2026-12-31T00:00:00Z
237598,Iran leader end of 2026?,38751177.567119,3444457.76359,123,1469846,Will cp be head of state in Iran end of 2026?,,False,0.0,1.0,2026-12-31T00:00:00Z
237598,Iran leader end of 2026?,38751177.567119,3444457.76359,123,1469847,Will cq be head of state in Iran end of 2026?,,False,0.0,1.0,2026-12-31T00:00:00Z
237598,Iran leader end of 2026?,38751177.567119,3444457.76359,123,1469848,Will cr be head of state in Iran end of 2026?,,False,0.0,1.0,2026-12-31T00:00:00Z
237598,Iran leader end of 2026?,38751177.567119,3444457.76359,123,1469849,Will cs be head of state in Iran end of 2026?,,False,0.0,1.0,2026-12-31T00:00:00Z
237598,Iran leader end of 2026?,38751177.567119,3444457.76359,123,1469850,Will ct be head of state in Iran end of 2026?,,False,0.0,1.0,2026-12-31T00:00:00Z
237598,Iran leader end of 2026?,38751177.567119,3444457.76359,123,1469851,Will cu be head of state in Iran end of 2026?,,False,0.0,1.0,2026-12-31T00:00:00Z
237598,Iran leader end of 2026?,38751177.567119,3444457.76359,123,1469852,Will cv be head of state in Iran end of 2026?,,False,0.0,1.0,2026-12-31T00:00:00Z
237598,Iran leader end of 2026?,38751177.567119,3444457.76359,123,1469853,Will cw be head of state in Iran end of 2026?,,False,0.0,1.0,2026-12-31T00:00:00Z
237598,Iran leader end of 2026?,38751177.567119,3444457.76359,123,1469854,Will cx be head of state in Iran end of 2026?,,False,0.0,1.0,2026-12-31T00:00:00Z
237598,Iran leader end of 2026?,38751177.567119,3444457.76359,123,1469855,Will cy be head of state in Iran end of 2026?,,False,0.0,1.0,2026-12-31T00:00:00Z
237598,Iran leader end of 2026?,38751177.567119,3444457.76359,123,1469856,Will cz be head of state in Iran end of 2026?,,False,0.0,1.0,2026-12-31T00:00:00Z
81557,Prime Minister of Israel after the next election?,32840558.171753,3146171.01308,28,682705,Will Benjamin Netanyahu be the next Prime Minister of Israel?,0.29,True,0.28,0.3,2026-12-31T00:00:00Z
81557,Prime Minister of Israel after the next election?,32840558.171753,3146171.01308,28,682706,Will Naftali Bennett be the next Prime Minister of Israel?,0.055,True,0.05,0.06,2026-12-31T00:00:00Z
81557,Prime Minister of Israel after the next election?,32840558.171753,3146171.01308,28,682707,Will Yair Lapid be the next Prime Minister of Israel?,0.0015,True,0.001,0.002,2026-12-31T00:00:00Z
81557,Prime Minister of Israel after the next election?,32840558.171753,3146171.01308,28,682708,Will Gadi Eizenkot be the next Prime Minister of Israel?,0.572,True,0.564,0.58,2026-12-31T00:00:00Z
81557,Prime Minister of Israel after the next election?,32840558.171753,3146171.01308,28,682709,Will Benny Gantz be the next Prime Minister of Israel?,0.0015,True,0.001,0.002,2026-12-31T00:00:00Z
81557,Prime Minister of Israel after the next election?,32840558.171753,3146171.01308,28,682710,Will Avigdor Lieberman be the next Prime Minister of Israel?,0.0435,True,0.043,0.044,2026-12-31T00:00:00Z
81557,Prime Minister of Israel after the next election?,32840558.171753,3146171.01308,28,682711,Will Yossi Cohen be the next Prime Minister of Israel?,0.0015,True,0.001,0.002,2026-12-31T00:00:00Z
81557,Prime Minister of Israel after the next election?,32840558.171753,3146171.01308,28,682712,Will Yair Golan be the next Prime Minister of Israel?,0.0045,True,0.004,0.005,2026-12-31T00:00:00Z
81557,Prime Minister of Israel after the next election?,32840558.171753,3146171.01308,28,682713,Will Itamar Ben Gvir be the next Prime Minister of Israel?,0.0105,True,0.007,0.014,2026-12-31T00:00:00Z
81557,Prime Minister of Israel after the next election?,32840558.171753,3146171.01308,28,682714,Will Gideon Sa’ar be the next Prime Minister of Israel?,0.0015,True,0.001,0.002,2026-12-31T00:00:00Z
81557,Prime Minister of Israel after the next election?,32840558.171753,3146171.01308,28,682715,Will Yariv Levin be the next Prime Minister of Israel?,0.0025,True,0.002,0.003,2026-12-31T00:00:00Z
81557,Prime Minister of Israel after the next election?,32840558.171753,3146171.01308,28,682716,Will Moshe Feiglin be the next Prime Minister of Israel?,0.0035,True,0.003,0.004,2026-12-31T00:00:00Z
81557,Prime Minister of Israel after the next election?,32840558.171753,3146171.01308,28,682717,Will Ayelet Shaked be the next Prime Minister of Israel?,0.0015,True,0.001,0.002,2026-12-31T00:00:00Z
81557,Prime Minister of Israel after the next election?,32840558.171753,3146171.01308,28,682718,Will Yoaz Hendel be the next Prime Minister of Israel?,0.0015,True,0.001,0.002,2026-12-31T00:00:00Z
81557,Prime Minister of Israel after the next election?,32840558.171753,3146171.01308,28,682719,Will Israel Katz be the next Prime Minister of Israel?,0.0015,True,0.001,0.002,2026-12-31T00:00:00Z
81557,Prime Minister of Israel after the next election?,32840558.171753,3146171.01308,28,682720,Will Nir Barkat be the next Prime Minister of Israel?,0.0015,True,0.001,0.002,2026-12-31T00:00:00Z
81557,Prime Minister of Israel after the next election?,32840558.171753,3146171.01308,28,682721,Will Amir Ohana be the next Prime Minister of Israel?,0.0025,True,0.002,0.003,2026-12-31T00:00:00Z
81557,Prime Minister of Israel after the next election?,32840558.171753,3146171.01308,28,682722,Will Gilad Erdan be the next Prime Minister of Israel?,0.0015,True,0.001,0.002,2026-12-31T00:00:00Z
81557,Prime Minister of Israel after the next election?,32840558.171753,3146171.01308,28,682723,Will Person G be the next Prime Minister of Israel?,,False,0.0,1.0,2026-12-31T00:00:00Z
81557,Prime Minister of Israel after the next election?,32840558.171753,3146171.01308,28,682724,Will Person H be the next Prime Minister of Israel?,,False,0.0,1.0,2026-12-31T00:00:00Z
81557,Prime Minister of Israel after the next election?,32840558.171753,3146171.01308,28,682725,Will Person I be the next Prime Minister of Israel?,,False,0.0,1.0,2026-12-31T00:00:00Z
81557,Prime Minister of Israel after the next election?,32840558.171753,3146171.01308,28,682726,Will Person J be the next Prime Minister of Israel?,,False,0.0,1.0,2026-12-31T00:00:00Z
81557,Prime Minister of Israel after the next election?,32840558.171753,3146171.01308,28,682727,Will Person K be the next Prime Minister of Israel?,,False,0.0,1.0,2026-12-31T00:00:00Z
81557,Prime Minister of Israel after the next election?,32840558.171753,3146171.01308,28,682728,Will Person L be the next Prime Minister of Israel?,,False,0.0,1.0,2026-12-31T00:00:00Z
81557,Prime Minister of Israel after the next election?,32840558.171753,3146171.01308,28,682729,Will Person M be the next Prime Minister of Israel?,,False,0.0,1.0,2026-12-31T00:00:00Z
81557,Prime Minister of Israel after the next election?,32840558.171753,3146171.01308,28,682730,Will Person N be the next Prime Minister of Israel?,,False,0.0,1.0,2026-12-31T00:00:00Z
81557,Prime Minister of Israel after the next election?,32840558.171753,3146171.01308,28,682731,Will Person O be the next Prime Minister of Israel?,,False,0.0,1.0,2026-12-31T00:00:00Z
81557,Prime Minister of Israel after the next election?,32840558.171753,3146171.01308,28,682732,Will another person be the next Prime Minister of Israel?,,False,0.0,1.0,2026-12-31T00:00:00Z
48361,Ballon d'Or Winner 2026,30273317.700887993,15483678.57411,89,608540,Will Kylian Mbappé win the 2026 Ballon d'Or?,0.0665,True,0.066,0.067,2026-10-31T00:00:00Z
48361,Ballon d'Or Winner 2026,30273317.700887993,15483678.57411,89,608541,Will Erling Haaland win the 2026 Ballon d'Or?,0.0015,True,0.001,0.002,2026-10-31T00:00:00Z
48361,Ballon d'Or Winner 2026,30273317.700887993,15483678.57411,89,608542,Will Jude Bellingham win the 2026 Ballon d'Or?,0.0015,True,0.001,0.002,2026-10-31T00:00:00Z
48361,Ballon d'Or Winner 2026,30273317.700887993,15483678.57411,89,608543,Will Ousmane Dembélé win the 2026 Ballon d'Or?,0.0145,True,0.014,0.015,2026-10-31T00:00:00Z
48361,Ballon d'Or Winner 2026,30273317.700887993,15483678.57411,89,608544,Will Mohamed Salah win the 2026 Ballon d'Or?,0.0005,True,,0.001,2026-10-31T00:00:00Z
48361,Ballon d'Or Winner 2026,30273317.700887993,15483678.57411,89,608545,Will Lamine Yamal win the 2026 Ballon d'Or?,0.185,True,0.179,0.191,2026-10-31T00:00:00Z
48361,Ballon d'Or Winner 2026,30273317.700887993,15483678.57411,89,608546,Will Vinícius Júnior win the 2026 Ballon d'Or?,0.0005,True,,0.001,2026-10-31T00:00:00Z
48361,Ballon d'Or Winner 2026,30273317.700887993,15483678.57411,89,608547,Will Harry Kane win the 2026 Ballon d'Or?,0.6185,True,0.618,0.619,2026-10-31T00:00:00Z
48361,Ballon d'Or Winner 2026,30273317.700887993,15483678.57411,89,608548,Will Pedri win the 2026 Ballon d'Or?,0.0005,True,,0.001,2026-10-31T00:00:00Z
48361,Ballon d'Or Winner 2026,30273317.700887993,15483678.57411,89,608549,Will Cole Palmer win the 2026 Ballon d'Or?,0.0005,True,,0.001,2026-10-31T00:00:00Z
48361,Ballon d'Or Winner 2026,30273317.700887993,15483678.57411,89,608550,Will someone else win the 2026 Ballon d'Or?,,False,0.0,1.0,2026-10-31T00:00:00Z
48361,Ballon d'Or Winner 2026,30273317.700887993,15483678.57411,89,608551,Will Michael Olise win the 2026 Ballon d'Or?,0.0025,True,0.002,0.003,2026-10-31T00:00:00Z
48361,Ballon d'Or Winner 2026,30273317.700887993,15483678.57411,89,608552,Will Declan Rice win the 2026 Ballon d'Or?,0.0015,True,0.001,0.002,2026-10-31T00:00:00Z
48361,Ballon d'Or Winner 2026,30273317.700887993,15483678.57411,89,608553,Will Khvicha Kvaratskhelia win the 2026 Ballon d'Or?,0.025,True,0.024,0.026,2026-10-31T00:00:00Z
48361,Ballon d'Or Winner 2026,30273317.700887993,15483678.57411,89,608554,Will Vitinha win the 2026 Ballon d'Or?,0.0015,True,0.001,0.002,2026-10-31T00:00:00Z
48361,Ballon d'Or Winner 2026,30273317.700887993,15483678.57411,89,608555,Will Federico Valverde win the 2026 Ballon d'Or?,0.0005,True,,0.001,2026-10-31T00:00:00Z
48361,Ballon d'Or Winner 2026,30273317.700887993,15483678.57411,89,608556,Will Julian Alvarez win the 2026 Ballon d'Or?,0.0005,True,,0.001,2026-10-31T00:00:00Z
48361,Ballon d'Or Winner 2026,30273317.700887993,15483678.57411,89,608557,Will Desire Doue win the 2026 Ballon d'Or?,0.0005,True,,0.001,2026-10-31T00:00:00Z
48361,Ballon d'Or Winner 2026,30273317.700887993,15483678.57411,89,608558,Will Raphinha win the 2026 Ballon d'Or?,0.0005,True,,0.001,2026-10-31T00:00:00Z
48361,Ballon d'Or Winner 2026,30273317.700887993,15483678.57411,89,608559,Will Achraf Hakimi win the 2026 Ballon d'Or?,0.0005,True,,0.001,2026-10-31T00:00:00Z
48361,Ballon d'Or Winner 2026,30273317.700887993,15483678.57411,89,608560,Will Bruno Fernandes win the 2026 Ballon d'Or?,0.0005,True,,0.001,2026-10-31T00:00:00Z
48361,Ballon d'Or Winner 2026,30273317.700887993,15483678.57411,89,608561,Will Luis Diaz win the 2026 Ballon d'Or?,0.0005,True,,0.001,2026-10-31T00:00:00Z
48361,Ballon d'Or Winner 2026,30273317.700887993,15483678.57411,89,608562,Will Lautaro Martinez win the 2026 Ballon d'Or?,0.0005,True,,0.001,2026-10-31T00:00:00Z
48361,Ballon d'Or Winner 2026,30273317.700887993,15483678.57411,89,608563,Will Dominik Szoboszlai win the 2026 Ballon d'Or?,0.0005,True,,0.001,2026-10-31T00:00:00Z
48361,Ballon d'Or Winner 2026,30273317.700887993,15483678.57411,89,608564,Will Cristiano Ronaldo win the 2026 Ballon d'Or?,0.0005,True,,0.001,2026-10-31T00:00:00Z
48361,Ballon d'Or Winner 2026,30273317.700887993,15483678.57411,89,608565,Will Lionel Messi win the 2026 Ballon d'Or?,0.0205,True,0.02,0.021,2026-10-31T00:00:00Z
48361,Ballon d'Or Winner 2026,30273317.700887993,15483678.57411,89,608566,Will Rodri win the 2026 Ballon d'Or?,0.075,True,0.07,0.08,2026-10-31T00:00:00Z
48361,Ballon d'Or Winner 2026,30273317.700887993,15483678.57411,89,608567,Will Pau Cubarsi win the 2026 Ballon d'Or?,0.0005,True,,0.001,2026-10-31T00:00:00Z
48361,Ballon d'Or Winner 2026,30273317.700887993,15483678.57411,89,608568,Will Fabian Ruiz win the 2026 Ballon d'Or?,0.0045,True,0.004,0.005,2026-10-31T00:00:00Z
48361,Ballon d'Or Winner 2026,30273317.700887993,15483678.57411,89,608569,Will Rodrygo win the 2026 Ballon d'Or?,0.0005,True,,0.001,2026-10-31T00:00:00Z
48361,Ballon d'Or Winner 2026,30273317.700887993,15483678.57411,89,608570,Will Enzo Fernandez win the 2026 Ballon d'Or?,0.0005,True,,0.001,2026-10-31T00:00:00Z
48361,Ballon d'Or Winner 2026,30273317.700887993,15483678.57411,89,608571,Will Bukayo Saka win the 2026 Ballon d'Or?,0.0005,True,,0.001,2026-10-31T00:00:00Z
48361,Ballon d'Or Winner 2026,30273317.700887993,15483678.57411,89,608572,Will Gavi win the 2026 Ballon d'Or?,,False,0.0,1.0,2026-10-31T00:00:00Z
48361,Ballon d'Or Winner 2026,30273317.700887993,15483678.57411,89,608573,Will [Placeholder W] win the 2026 Ballon d'Or?,,False,0.0,1.0,2026-10-31T00:00:00Z
48361,Ballon d'Or Winner 2026,30273317.700887993,15483678.57411,89,608574,Will [Placeholder X] win the 2026 Ballon d'Or?,,False,0.0,1.0,2026-10-31T00:00:00Z
48361,Ballon d'Or Winner 2026,30273317.700887993,15483678.57411,89,608575,Will [Placeholder Y] win the 2026 Ballon d'Or?,,False,0.0,1.0,2026-10-31T00:00:00Z
48361,Ballon d'Or Winner 2026,30273317.700887993,15483678.57411,89,608576,Will [Placeholder Z] win the 2026 Ballon d'Or?,,False,0.0,1.0,2026-10-31T00:00:00Z
48361,Ballon d'Or Winner 2026,30273317.700887993,15483678.57411,89,608577,Will [Placeholder AA] win the 2026 Ballon d'Or?,,False,0.0,1.0,2026-10-31T00:00:00Z
48361,Ballon d'Or Winner 2026,30273317.700887993,15483678.57411,89,608578,Will [Placeholder AB] win the 2026 Ballon d'Or?,,False,0.0,1.0,2026-10-31T00:00:00Z
48361,Ballon d'Or Winner 2026,30273317.700887993,15483678.57411,89,608579,Will [Placeholder AC] win the 2026 Ballon d'Or?,,False,0.0,1.0,2026-10-31T00:00:00Z
48361,Ballon d'Or Winner 2026,30273317.700887993,15483678.57411,89,608580,Will [Placeholder AD] win the 2026 Ballon d'Or?,,False,0.0,1.0,2026-10-31T00:00:00Z
48361,Ballon d'Or Winner 2026,30273317.700887993,15483678.57411,89,608581,Will [Placeholder AE] win the 2026 Ballon d'Or?,,False,0.0,1.0,2026-10-31T00:00:00Z
48361,Ballon d'Or Winner 2026,30273317.700887993,15483678.57411,89,608582,Will [Placeholder AF] win the 2026 Ballon d'Or?,,False,0.0,1.0,2026-10-31T00:00:00Z
48361,Ballon d'Or Winner 2026,30273317.700887993,15483678.57411,89,608583,Will [Placeholder AG] win the 2026 Ballon d'Or?,,False,0.0,1.0,2026-10-31T00:00:00Z
48361,Ballon d'Or Winner 2026,30273317.700887993,15483678.57411,89,608584,Will [Placeholder AH] win the 2026 Ballon d'Or?,,False,0.0,1.0,2026-10-31T00:00:00Z
48361,Ballon d'Or Winner 2026,30273317.700887993,15483678.57411,89,608585,Will [Placeholder AI] win the 2026 Ballon d'Or?,,False,0.0,1.0,2026-10-31T00:00:00Z
48361,Ballon d'Or Winner 2026,30273317.700887993,15483678.57411,89,608586,Will [Placeholder AJ] win the 2026 Ballon d'Or?,,False,0.0,1.0,2026-10-31T00:00:00Z
48361,Ballon d'Or Winner 2026,30273317.700887993,15483678.57411,89,608587,Will [Placeholder AK] win the 2026 Ballon d'Or?,,False,0.0,1.0,2026-10-31T00:00:00Z
48361,Ballon d'Or Winner 2026,30273317.700887993,15483678.57411,89,608588,Will [Placeholder AL] win the 2026 Ballon d'Or?,,False,0.0,1.0,2026-10-31T00:00:00Z
48361,Ballon d'Or Winner 2026,30273317.700887993,15483678.57411,89,608589,Will [Placeholder AM] win the 2026 Ballon d'Or?,,False,0.0,1.0,2026-10-31T00:00:00Z
48361,Ballon d'Or Winner 2026,30273317.700887993,15483678.57411,89,608590,Will [Placeholder AN] win the 2026 Ballon d'Or?,,False,0.0,1.0,2026-10-31T00:00:00Z
48361,Ballon d'Or Winner 2026,30273317.700887993,15483678.57411,89,608591,Will [Placeholder AO] win the 2026 Ballon d'Or?,,False,0.0,1.0,2026-10-31T00:00:00Z
48361,Ballon d'Or Winner 2026,30273317.700887993,15483678.57411,89,608592,Will [Placeholder AP] win the 2026 Ballon d'Or?,,False,0.0,1.0,2026-10-31T00:00:00Z
48361,Ballon d'Or Winner 2026,30273317.700887993,15483678.57411,89,608593,Will [Placeholder AQ] win the 2026 Ballon d'Or?,,False,0.0,1.0,2026-10-31T00:00:00Z
48361,Ballon d'Or Winner 2026,30273317.700887993,15483678.57411,89,608594,Will [Placeholder AR] win the 2026 Ballon d'Or?,,False,0.0,1.0,2026-10-31T00:00:00Z
48361,Ballon d'Or Winner 2026,30273317.700887993,15483678.57411,89,608595,Will [Placeholder AS] win the 2026 Ballon d'Or?,,False,0.0,1.0,2026-10-31T00:00:00Z
48361,Ballon d'Or Winner 2026,30273317.700887993,15483678.57411,89,608596,Will [Placeholder AT] win the 2026 Ballon d'Or?,,False,0.0,1.0,2026-10-31T00:00:00Z
48361,Ballon d'Or Winner 2026,30273317.700887993,15483678.57411,89,608597,Will [Placeholder AU] win the 2026 Ballon d'Or?,,False,0.0,1.0,2026-10-31T00:00:00Z
48361,Ballon d'Or Winner 2026,30273317.700887993,15483678.57411,89,608598,Will [Placeholder AV] win the 2026 Ballon d'Or?,,False,0.0,1.0,2026-10-31T00:00:00Z
48361,Ballon d'Or Winner 2026,30273317.700887993,15483678.57411,89,608599,Will [Placeholder AW] win the 2026 Ballon d'Or?,,False,0.0,1.0,2026-10-31T00:00:00Z
48361,Ballon d'Or Winner 2026,30273317.700887993,15483678.57411,89,608600,Will [Placeholder AX] win the 2026 Ballon d'Or?,,False,0.0,1.0,2026-10-31T00:00:00Z
48361,Ballon d'Or Winner 2026,30273317.700887993,15483678.57411,89,608601,Will [Placeholder AY] win the 2026 Ballon d'Or?,,False,0.0,1.0,2026-10-31T00:00:00Z
48361,Ballon d'Or Winner 2026,30273317.700887993,15483678.57411,89,608602,Will [Placeholder AZ] win the 2026 Ballon d'Or?,,False,0.0,1.0,2026-10-31T00:00:00Z
48361,Ballon d'Or Winner 2026,30273317.700887993,15483678.57411,89,608603,Will [Placeholder BA] win the 2026 Ballon d'Or?,,False,0.0,1.0,2026-10-31T00:00:00Z
48361,Ballon d'Or Winner 2026,30273317.700887993,15483678.57411,89,608604,Will [Placeholder BB] win the 2026 Ballon d'Or?,,False,0.0,1.0,2026-10-31T00:00:00Z
48361,Ballon d'Or Winner 2026,30273317.700887993,15483678.57411,89,608605,Will [Placeholder BC] win the 2026 Ballon d'Or?,,False,0.0,1.0,2026-10-31T00:00:00Z
48361,Ballon d'Or Winner 2026,30273317.700887993,15483678.57411,89,608606,Will [Placeholder BD] win the 2026 Ballon d'Or?,,False,0.0,1.0,2026-10-31T00:00:00Z
48361,Ballon d'Or Winner 2026,30273317.700887993,15483678.57411,89,608607,Will [Placeholder BE] win the 2026 Ballon d'Or?,,False,0.0,1.0,2026-10-31T00:00:00Z
48361,Ballon d'Or Winner 2026,30273317.700887993,15483678.57411,89,608608,Will [Placeholder BF] win the 2026 Ballon d'Or?,,False,0.0,1.0,2026-10-31T00:00:00Z
48361,Ballon d'Or Winner 2026,30273317.700887993,15483678.57411,89,608609,Will [Placeholder BG] win the 2026 Ballon d'Or?,,False,0.0,1.0,2026-10-31T00:00:00Z
48361,Ballon d'Or Winner 2026,30273317.700887993,15483678.57411,89,608610,Will [Placeholder BH] win the 2026 Ballon d'Or?,,False,0.0,1.0,2026-10-31T00:00:00Z
48361,Ballon d'Or Winner 2026,30273317.700887993,15483678.57411,89,608611,Will [Placeholder BI] win the 2026 Ballon d'Or?,,False,0.0,1.0,2026-10-31T00:00:00Z
48361,Ballon d'Or Winner 2026,30273317.700887993,15483678.57411,89,608612,Will [Placeholder BJ] win the 2026 Ballon d'Or?,,False,0.0,1.0,2026-10-31T00:00:00Z
48361,Ballon d'Or Winner 2026,30273317.700887993,15483678.57411,89,608613,Will [Placeholder BK] win the 2026 Ballon d'Or?,,False,0.0,1.0,2026-10-31T00:00:00Z
48361,Ballon d'Or Winner 2026,30273317.700887993,15483678.57411,89,608614,Will [Placeholder BL] win the 2026 Ballon d'Or?,,False,0.0,1.0,2026-10-31T00:00:00Z
48361,Ballon d'Or Winner 2026,30273317.700887993,15483678.57411,89,608615,Will [Placeholder BM] win the 2026 Ballon d'Or?,,False,0.0,1.0,2026-10-31T00:00:00Z
48361,Ballon d'Or Winner 2026,30273317.700887993,15483678.57411,89,608616,Will [Placeholder BN] win the 2026 Ballon d'Or?,,False,0.0,1.0,2026-10-31T00:00:00Z
48361,Ballon d'Or Winner 2026,30273317.700887993,15483678.57411,89,608617,Will [Placeholder BO] win the 2026 Ballon d'Or?,,False,0.0,1.0,2026-10-31T00:00:00Z
48361,Ballon d'Or Winner 2026,30273317.700887993,15483678.57411,89,608618,Will [Placeholder BP] win the 2026 Ballon d'Or?,,False,0.0,1.0,2026-10-31T00:00:00Z
48361,Ballon d'Or Winner 2026,30273317.700887993,15483678.57411,89,608619,Will [Placeholder BQ] win the 2026 Ballon d'Or?,,False,0.0,1.0,2026-10-31T00:00:00Z
48361,Ballon d'Or Winner 2026,30273317.700887993,15483678.57411,89,608620,Will [Placeholder BR] win the 2026 Ballon d'Or?,,False,0.0,1.0,2026-10-31T00:00:00Z
48361,Ballon d'Or Winner 2026,30273317.700887993,15483678.57411,89,608621,Will [Placeholder BS] win the 2026 Ballon d'Or?,,False,0.0,1.0,2026-10-31T00:00:00Z
48361,Ballon d'Or Winner 2026,30273317.700887993,15483678.57411,89,608622,Will [Placeholder BT] win the 2026 Ballon d'Or?,,False,0.0,1.0,2026-10-31T00:00:00Z
48361,Ballon d'Or Winner 2026,30273317.700887993,15483678.57411,89,608623,Will [Placeholder BU] win the 2026 Ballon d'Or?,,False,0.0,1.0,2026-10-31T00:00:00Z
48361,Ballon d'Or Winner 2026,30273317.700887993,15483678.57411,89,608624,Will [Placeholder BV] win the 2026 Ballon d'Or?,,False,0.0,1.0,2026-10-31T00:00:00Z
48361,Ballon d'Or Winner 2026,30273317.700887993,15483678.57411,89,608625,Will [Placeholder BW] win the 2026 Ballon d'Or?,,False,0.0,1.0,2026-10-31T00:00:00Z
48361,Ballon d'Or Winner 2026,30273317.700887993,15483678.57411,89,608626,Will [Placeholder BX] win the 2026 Ballon d'Or?,,False,0.0,1.0,2026-10-31T00:00:00Z
48361,Ballon d'Or Winner 2026,30273317.700887993,15483678.57411,89,608627,Will [Placeholder BY] win the 2026 Ballon d'Or?,,False,0.0,1.0,2026-10-31T00:00:00Z
48361,Ballon d'Or Winner 2026,30273317.700887993,15483678.57411,89,608628,Will [Placeholder BZ] win the 2026 Ballon d'Or?,,False,0.0,1.0,2026-10-31T00:00:00Z
100394,F1 Constructors' Champion,28443836.509962898,1966332.73358,12,898659,Will McLaren be the 2026 F1 Constructors' Champion?,0.0195,True,0.019,0.02,2026-12-06T00:00:00Z
100394,F1 Constructors' Champion,28443836.509962898,1966332.73358,12,898660,Will Mercedes be the 2026 F1 Constructors' Champion?,0.835,True,0.83,0.84,2026-12-06T00:00:00Z
100394,F1 Constructors' Champion,28443836.509962898,1966332.73358,12,898661,Will Red Bull Racing be the 2026 F1 Constructors' Champion?,0.0015,True,0.001,0.002,2026-12-06T00:00:00Z
100394,F1 Constructors' Champion,28443836.509962898,1966332.73358,12,898662,Will Ferrari be the 2026 F1 Constructors' Champion?,0.1325,True,0.127,0.138,2026-12-06T00:00:00Z
100394,F1 Constructors' Champion,28443836.509962898,1966332.73358,12,898663,Will Williams be the 2026 F1 Constructors' Champion?,0.0005,True,,0.001,2026-12-06T00:00:00Z
100394,F1 Constructors' Champion,28443836.509962898,1966332.73358,12,898664,Will Racing Bulls be the 2026 F1 Constructors' Champion?,0.0005,True,,0.001,2026-12-06T00:00:00Z
100394,F1 Constructors' Champion,28443836.509962898,1966332.73358,12,898665,Will Aston Martin be the 2026 F1 Constructors' Champion?,0.0015,True,0.001,0.002,2026-12-06T00:00:00Z
100394,F1 Constructors' Champion,28443836.509962898,1966332.73358,12,898666,Will Haas be the 2026 F1 Constructors' Champion?,0.0005,True,,0.001,2026-12-06T00:00:00Z
100394,F1 Constructors' Champion,28443836.509962898,1966332.73358,12,898667,Will Audi be the 2026 F1 Constructors' Champion?,0.0005,True,,0.001,2026-12-06T00:00:00Z
100394,F1 Constructors' Champion,28443836.509962898,1966332.73358,12,898668,Will Alpine be the 2026 F1 Constructors' Champion?,0.0005,True,,0.001,2026-12-06T00:00:00Z
100394,F1 Constructors' Champion,28443836.509962898,1966332.73358,12,898669,Will Cadillac be the 2026 F1 Constructors' Champion?,0.0005,True,,0.001,2026-12-06T00:00:00Z
100394,F1 Constructors' Champion,28443836.509962898,1966332.73358,12,898670,Will another team be the 2026 F1 Constructors' Champion?,,False,0.0,1.0,2026-12-06T00:00:00Z
60182,Nobel Peace Prize Winner 2026,23488819.553804003,2340801.07397,71,637002,Will Donald Trump win the Nobel Peace Prize in 2026?,0.0225,True,0.022,0.023,2026-10-10T00:00:00Z
60182,Nobel Peace Prize Winner 2026,23488819.553804003,2340801.07397,71,637003,Will Pope Leo XIV win the Nobel Peace Prize in 2026?,0.0305,True,0.03,0.031,2026-10-10T00:00:00Z
60182,Nobel Peace Prize Winner 2026,23488819.553804003,2340801.07397,71,637004,Will Yulia Navalnaya win the Nobel Peace Prize in 2026?,0.08,True,0.07,0.09,2026-10-10T00:00:00Z
60182,Nobel Peace Prize Winner 2026,23488819.553804003,2340801.07397,71,637005,Will Julian Assange win the Nobel Peace Prize in 2026?,0.0105,True,0.01,0.011,2026-10-10T00:00:00Z
60182,Nobel Peace Prize Winner 2026,23488819.553804003,2340801.07397,71,637006,Will Greta Thunberg win the Nobel Peace Prize in 2026?,0.011,True,0.01,0.012,2026-10-10T00:00:00Z
60182,Nobel Peace Prize Winner 2026,23488819.553804003,2340801.07397,71,637007,Will Elon Musk win the Nobel Peace Prize in 2026?,0.0015,True,0.001,0.002,2026-10-10T00:00:00Z
60182,Nobel Peace Prize Winner 2026,23488819.553804003,2340801.07397,71,637008,Will UNRWA win the Nobel Peace Prize in 2026?,0.043,True,0.042,0.044,2026-10-10T00:00:00Z
60182,Nobel Peace Prize Winner 2026,23488819.553804003,2340801.07397,71,637009,Will the International Court of Justice win the Nobel Peace Prize in 2026?,0.0275,True,0.027,0.028,2026-10-10T00:00:00Z
60182,Nobel Peace Prize Winner 2026,23488819.553804003,2340801.07397,71,637010,Will António Guterres win the Nobel Peace Prize in 2026?,0.007,True,0.006,0.008,2026-10-10T00:00:00Z
60182,Nobel Peace Prize Winner 2026,23488819.553804003,2340801.07397,71,637011,Will Volodymyr Zelenskyy win the Nobel Peace Prize in 2026?,0.0465,True,0.046,0.047,2026-10-10T00:00:00Z
60182,Nobel Peace Prize Winner 2026,23488819.553804003,2340801.07397,71,637012,Will Tamim bin Hamad Al Thani win the Nobel Peace Prize in 2026?,0.021,True,0.02,0.022,2026-10-10T00:00:00Z
60182,Nobel Peace Prize Winner 2026,23488819.553804003,2340801.07397,71,637013,Will Vladimir Putin win the Nobel Peace Prize in 2026?,0.0015,True,0.001,0.002,2026-10-10T00:00:00Z
60182,Nobel Peace Prize Winner 2026,23488819.553804003,2340801.07397,71,637014,Will Khaled Mashal win the Nobel Peace Prize in 2026?,0.0025,True,0.002,0.003,2026-10-10T00:00:00Z
60182,Nobel Peace Prize Winner 2026,23488819.553804003,2340801.07397,71,637015,Will Benjamin Netanyahu win the Nobel Peace Prize in 2026?,0.003,True,0.002,0.004,2026-10-10T00:00:00Z
60182,Nobel Peace Prize Winner 2026,23488819.553804003,2340801.07397,71,637016,Will Recep Tayyip Erdoğan win the Nobel Peace Prize in 2026?,0.0025,True,0.002,0.003,2026-10-10T00:00:00Z
60182,Nobel Peace Prize Winner 2026,23488819.553804003,2340801.07397,71,637017,Will Xi Jinping win the Nobel Peace Prize in 2026?,0.0055,True,0.005,0.006,2026-10-10T00:00:00Z
60182,Nobel Peace Prize Winner 2026,23488819.553804003,2340801.07397,71,637018,Will Ahmed al-Sharaa win the Nobel Peace Prize in 2026?,0.0115,True,0.01,0.013,2026-10-10T00:00:00Z
60182,Nobel Peace Prize Winner 2026,23488819.553804003,2340801.07397,71,637019,Will Charlie Kirk win the Nobel Peace Prize in 2026?,0.003,True,0.002,0.004,2026-10-10T00:00:00Z
60182,Nobel Peace Prize Winner 2026,23488819.553804003,2340801.07397,71,637020,Will Mohammed bin Salman win the Nobel Peace Prize in 2026?,0.0015,True,0.001,0.002,2026-10-10T00:00:00Z
60182,Nobel Peace Prize Winner 2026,23488819.553804003,2340801.07397,71,637021,Will Narendra Modi win the Nobel Peace Prize in 2026?,0.013,True,0.012,0.014,2026-10-10T00:00:00Z
60182,Nobel Peace Prize Winner 2026,23488819.553804003,2340801.07397,71,637022,Will Person A win the Nobel Peace Prize in 2026?,,False,0.0,1.0,2026-10-10T00:00:00Z
60182,Nobel Peace Prize Winner 2026,23488819.553804003,2340801.07397,71,637023,Will Person B win the Nobel Peace Prize in 2026?,,False,0.0,1.0,2026-10-10T00:00:00Z
60182,Nobel Peace Prize Winner 2026,23488819.553804003,2340801.07397,71,637024,Will Person C win the Nobel Peace Prize in 2026?,,False,0.0,1.0,2026-10-10T00:00:00Z
60182,Nobel Peace Prize Winner 2026,23488819.553804003,2340801.07397,71,637025,Will Person D win the Nobel Peace Prize in 2026?,,False,0.0,1.0,2026-10-10T00:00:00Z
60182,Nobel Peace Prize Winner 2026,23488819.553804003,2340801.07397,71,637026,Will Person E win the Nobel Peace Prize in 2026?,,False,0.0,1.0,2026-10-10T00:00:00Z
60182,Nobel Peace Prize Winner 2026,23488819.553804003,2340801.07397,71,637027,Will Person F win the Nobel Peace Prize in 2026?,,False,0.0,1.0,2026-10-10T00:00:00Z
60182,Nobel Peace Prize Winner 2026,23488819.553804003,2340801.07397,71,637028,Will Person G win the Nobel Peace Prize in 2026?,,False,0.0,1.0,2026-10-10T00:00:00Z
60182,Nobel Peace Prize Winner 2026,23488819.553804003,2340801.07397,71,637029,Will Person H win the Nobel Peace Prize in 2026?,,False,0.0,1.0,2026-10-10T00:00:00Z
60182,Nobel Peace Prize Winner 2026,23488819.553804003,2340801.07397,71,637030,Will Person I win the Nobel Peace Prize in 2026?,,False,0.0,1.0,2026-10-10T00:00:00Z
60182,Nobel Peace Prize Winner 2026,23488819.553804003,2340801.07397,71,637031,Will Person J win the Nobel Peace Prize in 2026?,,False,0.0,1.0,2026-10-10T00:00:00Z
60182,Nobel Peace Prize Winner 2026,23488819.553804003,2340801.07397,71,637032,Will Person K win the Nobel Peace Prize in 2026?,,False,0.0,1.0,2026-10-10T00:00:00Z
60182,Nobel Peace Prize Winner 2026,23488819.553804003,2340801.07397,71,637033,Will Person L win the Nobel Peace Prize in 2026?,,False,0.0,1.0,2026-10-10T00:00:00Z
60182,Nobel Peace Prize Winner 2026,23488819.553804003,2340801.07397,71,637034,Will Person M win the Nobel Peace Prize in 2026?,,False,0.0,1.0,2026-10-10T00:00:00Z
60182,Nobel Peace Prize Winner 2026,23488819.553804003,2340801.07397,71,637035,Will Person N win the Nobel Peace Prize in 2026?,,False,0.0,1.0,2026-10-10T00:00:00Z
60182,Nobel Peace Prize Winner 2026,23488819.553804003,2340801.07397,71,637036,Will Person O win the Nobel Peace Prize in 2026?,,False,0.0,1.0,2026-10-10T00:00:00Z
60182,Nobel Peace Prize Winner 2026,23488819.553804003,2340801.07397,71,637037,Will Person P win the Nobel Peace Prize in 2026?,,False,0.0,1.0,2026-10-10T00:00:00Z
60182,Nobel Peace Prize Winner 2026,23488819.553804003,2340801.07397,71,637038,Will Person Q win the Nobel Peace Prize in 2026?,,False,0.0,1.0,2026-10-10T00:00:00Z
60182,Nobel Peace Prize Winner 2026,23488819.553804003,2340801.07397,71,637039,Will Person R win the Nobel Peace Prize in 2026?,,False,0.0,1.0,2026-10-10T00:00:00Z
60182,Nobel Peace Prize Winner 2026,23488819.553804003,2340801.07397,71,637040,Will Person S win the Nobel Peace Prize in 2026?,,False,0.0,1.0,2026-10-10T00:00:00Z
60182,Nobel Peace Prize Winner 2026,23488819.553804003,2340801.07397,71,637041,Will Person T win the Nobel Peace Prize in 2026?,,False,0.0,1.0,2026-10-10T00:00:00Z
60182,Nobel Peace Prize Winner 2026,23488819.553804003,2340801.07397,71,637042,Will Person U win the Nobel Peace Prize in 2026?,,False,0.0,1.0,2026-10-10T00:00:00Z
60182,Nobel Peace Prize Winner 2026,23488819.553804003,2340801.07397,71,637043,Will Person V win the Nobel Peace Prize in 2026?,,False,0.0,1.0,2026-10-10T00:00:00Z
60182,Nobel Peace Prize Winner 2026,23488819.553804003,2340801.07397,71,637044,Will Person W win the Nobel Peace Prize in 2026?,,False,0.0,1.0,2026-10-10T00:00:00Z
60182,Nobel Peace Prize Winner 2026,23488819.553804003,2340801.07397,71,637045,Will Person X win the Nobel Peace Prize in 2026?,,False,0.0,1.0,2026-10-10T00:00:00Z
60182,Nobel Peace Prize Winner 2026,23488819.553804003,2340801.07397,71,637046,Will Person Y win the Nobel Peace Prize in 2026?,,False,0.0,1.0,2026-10-10T00:00:00Z
60182,Nobel Peace Prize Winner 2026,23488819.553804003,2340801.07397,71,637047,Will Person Z win the Nobel Peace Prize in 2026?,,False,0.0,1.0,2026-10-10T00:00:00Z
60182,Nobel Peace Prize Winner 2026,23488819.553804003,2340801.07397,71,637048,Will Person AA win the Nobel Peace Prize in 2026?,,False,0.0,1.0,2026-10-10T00:00:00Z
60182,Nobel Peace Prize Winner 2026,23488819.553804003,2340801.07397,71,637049,Will Person AB win the Nobel Peace Prize in 2026?,,False,0.0,1.0,2026-10-10T00:00:00Z
60182,Nobel Peace Prize Winner 2026,23488819.553804003,2340801.07397,71,637050,Will Person AC win the Nobel Peace Prize in 2026?,,False,0.0,1.0,2026-10-10T00:00:00Z
60182,Nobel Peace Prize Winner 2026,23488819.553804003,2340801.07397,71,637051,Will Person AD win the Nobel Peace Prize in 2026?,,False,0.0,1.0,2026-10-10T00:00:00Z
60182,Nobel Peace Prize Winner 2026,23488819.553804003,2340801.07397,71,637052,Will Person AE win the Nobel Peace Prize in 2026?,,False,0.0,1.0,2026-10-10T00:00:00Z
60182,Nobel Peace Prize Winner 2026,23488819.553804003,2340801.07397,71,637053,Will Person AF win the Nobel Peace Prize in 2026?,,False,0.0,1.0,2026-10-10T00:00:00Z
60182,Nobel Peace Prize Winner 2026,23488819.553804003,2340801.07397,71,637054,Will Person AG win the Nobel Peace Prize in 2026?,,False,0.0,1.0,2026-10-10T00:00:00Z
60182,Nobel Peace Prize Winner 2026,23488819.553804003,2340801.07397,71,637055,Will Person AH win the Nobel Peace Prize in 2026?,,False,0.0,1.0,2026-10-10T00:00:00Z
60182,Nobel Peace Prize Winner 2026,23488819.553804003,2340801.07397,71,637056,Will Person AI win the Nobel Peace Prize in 2026?,,False,0.0,1.0,2026-10-10T00:00:00Z
60182,Nobel Peace Prize Winner 2026,23488819.553804003,2340801.07397,71,637057,Will Person AJ win the Nobel Peace Prize in 2026?,,False,0.0,1.0,2026-10-10T00:00:00Z
60182,Nobel Peace Prize Winner 2026,23488819.553804003,2340801.07397,71,637058,Will Person AK win the Nobel Peace Prize in 2026?,,False,0.0,1.0,2026-10-10T00:00:00Z
60182,Nobel Peace Prize Winner 2026,23488819.553804003,2340801.07397,71,637059,Will Person AL win the Nobel Peace Prize in 2026?,,False,0.0,1.0,2026-10-10T00:00:00Z
60182,Nobel Peace Prize Winner 2026,23488819.553804003,2340801.07397,71,637060,Will Person AM win the Nobel Peace Prize in 2026?,,False,0.0,1.0,2026-10-10T00:00:00Z
60182,Nobel Peace Prize Winner 2026,23488819.553804003,2340801.07397,71,637061,Will Person AN win the Nobel Peace Prize in 2026?,,False,0.0,1.0,2026-10-10T00:00:00Z
60182,Nobel Peace Prize Winner 2026,23488819.553804003,2340801.07397,71,637062,Will Person AO win the Nobel Peace Prize in 2026?,,False,0.0,1.0,2026-10-10T00:00:00Z
60182,Nobel Peace Prize Winner 2026,23488819.553804003,2340801.07397,71,637063,Will Person AP win the Nobel Peace Prize in 2026?,,False,0.0,1.0,2026-10-10T00:00:00Z
60182,Nobel Peace Prize Winner 2026,23488819.553804003,2340801.07397,71,637064,Will Person AQ win the Nobel Peace Prize in 2026?,,False,0.0,1.0,2026-10-10T00:00:00Z
60182,Nobel Peace Prize Winner 2026,23488819.553804003,2340801.07397,71,637065,Will Person AR win the Nobel Peace Prize in 2026?,,False,0.0,1.0,2026-10-10T00:00:00Z
60182,Nobel Peace Prize Winner 2026,23488819.553804003,2340801.07397,71,637066,Will Person AS win the Nobel Peace Prize in 2026?,,False,0.0,1.0,2026-10-10T00:00:00Z
60182,Nobel Peace Prize Winner 2026,23488819.553804003,2340801.07397,71,637067,Will Person AT win the Nobel Peace Prize in 2026?,,False,0.0,1.0,2026-10-10T00:00:00Z
60182,Nobel Peace Prize Winner 2026,23488819.553804003,2340801.07397,71,637068,Will Person AU win the Nobel Peace Prize in 2026?,,False,0.0,1.0,2026-10-10T00:00:00Z
60182,Nobel Peace Prize Winner 2026,23488819.553804003,2340801.07397,71,637069,Will Person AV win the Nobel Peace Prize in 2026?,,False,0.0,1.0,2026-10-10T00:00:00Z
60182,Nobel Peace Prize Winner 2026,23488819.553804003,2340801.07397,71,637070,Will Person AW win the Nobel Peace Prize in 2026?,,False,0.0,1.0,2026-10-10T00:00:00Z
60182,Nobel Peace Prize Winner 2026,23488819.553804003,2340801.07397,71,637071,Will Person AX win the Nobel Peace Prize in 2026?,,False,0.0,1.0,2026-10-10T00:00:00Z
60182,Nobel Peace Prize Winner 2026,23488819.553804003,2340801.07397,71,637072,Will any other person or organization win the Nobel Peace Prize in 2026?,,False,0.0,1.0,2026-10-10T00:00:00Z
149589,Which party will gain most seats in Russian Parliamentary Election?,21578257.702499997,2378127.98473,34,1130012,Will United Russia (ER) gain the most seats in the next Russian parliamentary election?,0.695,True,0.69,0.7,2026-09-20T00:00:00Z
149589,Which party will gain most seats in Russian Parliamentary Election?,21578257.702499997,2378127.98473,34,1130013,Will the Communist Party of the Russian Federation (KPRF) gain the most seats in the next Russian parliamentary election?,0.0105,True,0.01,0.011,2026-09-20T00:00:00Z
149589,Which party will gain most seats in Russian Parliamentary Election?,21578257.702499997,2378127.98473,34,1130014,Will A Just Russia – For Truth (SRZP) gain the most seats in the next Russian parliamentary election?,0.0025,True,0.002,0.003,2026-09-20T00:00:00Z
149589,Which party will gain most seats in Russian Parliamentary Election?,21578257.702499997,2378127.98473,34,1130015,Will the Liberal Democratic Party of Russia (LDPR) gain the most seats in the next Russian parliamentary election?,0.054,True,0.052,0.056,2026-09-20T00:00:00Z
149589,Which party will gain most seats in Russian Parliamentary Election?,21578257.702499997,2378127.98473,34,1130016,Will New People (NL) gain the most seats in the next Russian parliamentary election?,0.238,True,0.236,0.24,2026-09-20T00:00:00Z
149589,Which party will gain most seats in Russian Parliamentary Election?,21578257.702499997,2378127.98473,34,1130017,Will Rodina gain the most seats in the next Russian parliamentary election?,0.0015,True,0.001,0.002,2026-09-20T00:00:00Z
149589,Which party will gain most seats in Russian Parliamentary Election?,21578257.702499997,2378127.98473,34,1130018,Will Civic Platform (GP) gain the most seats in the next Russian parliamentary election?,0.0005,True,,0.001,2026-09-20T00:00:00Z
149589,Which party will gain most seats in Russian Parliamentary Election?,21578257.702499997,2378127.98473,34,1130019,Will Other gain the most seats in the next Russian parliamentary election?,,False,0.0,1.0,2026-09-20T00:00:00Z
149589,Which party will gain most seats in Russian Parliamentary Election?,21578257.702499997,2378127.98473,34,1130020,Will Yabloko gain the most seats in the next Russian parliamentary election?,0.0025,True,0.001,0.004,2026-09-20T00:00:00Z
149589,Which party will gain most seats in Russian Parliamentary Election?,21578257.702499997,2378127.98473,34,1130021,Will Party B gain the most seats in the next Russian parliamentary election?,,False,0.0,1.0,2026-09-20T00:00:00Z
149589,Which party will gain most seats in Russian Parliamentary Election?,21578257.702499997,2378127.98473,34,1130022,Will Party C gain the most seats in the next Russian parliamentary election?,,False,0.0,1.0,2026-09-20T00:00:00Z
149589,Which party will gain most seats in Russian Parliamentary Election?,21578257.702499997,2378127.98473,34,1130023,Will Party D gain the most seats in the next Russian parliamentary election?,,False,0.0,1.0,2026-09-20T00:00:00Z
149589,Which party will gain most seats in Russian Parliamentary Election?,21578257.702499997,2378127.98473,34,1130024,Will Party E gain the most seats in the next Russian parliamentary election?,,False,0.0,1.0,2026-09-20T00:00:00Z
149589,Which party will gain most seats in Russian Parliamentary Election?,21578257.702499997,2378127.98473,34,1130025,Will Party F gain the most seats in the next Russian parliamentary election?,,False,0.0,1.0,2026-09-20T00:00:00Z
149589,Which party will gain most seats in Russian Parliamentary Election?,21578257.702499997,2378127.98473,34,1130026,Will Party G gain the most seats in the next Russian parliamentary election?,,False,0.0,1.0,2026-09-20T00:00:00Z
149589,Which party will gain most seats in Russian Parliamentary Election?,21578257.702499997,2378127.98473,34,1130027,Will Party H gain the most seats in the next Russian parliamentary election?,,False,0.0,1.0,2026-09-20T00:00:00Z
149589,Which party will gain most seats in Russian Parliamentary Election?,21578257.702499997,2378127.98473,34,1130028,Will Party I gain the most seats in the next Russian parliamentary election?,,False,0.0,1.0,2026-09-20T00:00:00Z
149589,Which party will gain most seats in Russian Parliamentary Election?,21578257.702499997,2378127.98473,34,1130029,Will Party J gain the most seats in the next Russian parliamentary election?,,False,0.0,1.0,2026-09-20T00:00:00Z
149589,Which party will gain most seats in Russian Parliamentary Election?,21578257.702499997,2378127.98473,34,1130030,Will Party K gain the most seats in the next Russian parliamentary election?,,False,0.0,1.0,2026-09-20T00:00:00Z
149589,Which party will gain most seats in Russian Parliamentary Election?,21578257.702499997,2378127.98473,34,1130031,Will Party L gain the most seats in the next Russian parliamentary election?,,False,0.0,1.0,2026-09-20T00:00:00Z
149589,Which party will gain most seats in Russian Parliamentary Election?,21578257.702499997,2378127.98473,34,1130032,Will Party M gain the most seats in the next Russian parliamentary election?,,False,0.0,1.0,2026-09-20T00:00:00Z
149589,Which party will gain most seats in Russian Parliamentary Election?,21578257.702499997,2378127.98473,34,1130033,Will Party N gain the most seats in the next Russian parliamentary election?,,False,0.0,1.0,2026-09-20T00:00:00Z
149589,Which party will gain most seats in Russian Parliamentary Election?,21578257.702499997,2378127.98473,34,1130034,Will Party O gain the most seats in the next Russian parliamentary election?,,False,0.0,1.0,2026-09-20T00:00:00Z
149589,Which party will gain most seats in Russian Parliamentary Election?,21578257.702499997,2378127.98473,34,1130035,Will Party P gain the most seats in the next Russian parliamentary election?,,False,0.0,1.0,2026-09-20T00:00:00Z
149589,Which party will gain most seats in Russian Parliamentary Election?,21578257.702499997,2378127.98473,34,1130036,Will Party Q gain the most seats in the next Russian parliamentary election?,,False,0.0,1.0,2026-09-20T00:00:00Z
149589,Which party will gain most seats in Russian Parliamentary Election?,21578257.702499997,2378127.98473,34,1130037,Will Party R gain the most seats in the next Russian parliamentary election?,,False,0.0,1.0,2026-09-20T00:00:00Z
149589,Which party will gain most seats in Russian Parliamentary Election?,21578257.702499997,2378127.98473,34,1130038,Will Party S gain the most seats in the next Russian parliamentary election?,,False,0.0,1.0,2026-09-20T00:00:00Z
149589,Which party will gain most seats in Russian Parliamentary Election?,21578257.702499997,2378127.98473,34,1130039,Will Party T gain the most seats in the next Russian parliamentary election?,,False,0.0,1.0,2026-09-20T00:00:00Z
149589,Which party will gain most seats in Russian Parliamentary Election?,21578257.702499997,2378127.98473,34,1130040,Will Party U gain the most seats in the next Russian parliamentary election?,,False,0.0,1.0,2026-09-20T00:00:00Z
149589,Which party will gain most seats in Russian Parliamentary Election?,21578257.702499997,2378127.98473,34,1130041,Will Party V gain the most seats in the next Russian parliamentary election?,,False,0.0,1.0,2026-09-20T00:00:00Z
149589,Which party will gain most seats in Russian Parliamentary Election?,21578257.702499997,2378127.98473,34,1130042,Will Party W gain the most seats in the next Russian parliamentary election?,,False,0.0,1.0,2026-09-20T00:00:00Z
149589,Which party will gain most seats in Russian Parliamentary Election?,21578257.702499997,2378127.98473,34,1130043,Will Party X gain the most seats in the next Russian parliamentary election?,,False,0.0,1.0,2026-09-20T00:00:00Z
149589,Which party will gain most seats in Russian Parliamentary Election?,21578257.702499997,2378127.98473,34,1130044,Will Party Y gain the most seats in the next Russian parliamentary election?,,False,0.0,1.0,2026-09-20T00:00:00Z
149589,Which party will gain most seats in Russian Parliamentary Election?,21578257.702499997,2378127.98473,34,1130045,Will Party Z gain the most seats in the next Russian parliamentary election?,,False,0.0,1.0,2026-09-20T00:00:00Z
200782,MLS Cup Winner 2026,19713513.749766998,846314.21641,31,1349143,Will Atlanta United FC win the 2026 MLS Cup?,0.003,True,0.001,0.005,2026-12-19T00:00:00Z
200782,MLS Cup Winner 2026,19713513.749766998,846314.21641,31,1349144,Will Austin FC win the 2026 MLS Cup?,0.0015,True,0.001,0.002,2026-12-19T00:00:00Z
200782,MLS Cup Winner 2026,19713513.749766998,846314.21641,31,1349145,Will Charlotte FC win the 2026 MLS Cup?,0.0145,True,0.014,0.015,2026-12-19T00:00:00Z
200782,MLS Cup Winner 2026,19713513.749766998,846314.21641,31,1349146,Will Chicago Fire FC win the 2026 MLS Cup?,0.0555,True,0.053,0.058,2026-12-19T00:00:00Z
200782,MLS Cup Winner 2026,19713513.749766998,846314.21641,31,1349147,Will FC Cincinnati win the 2026 MLS Cup?,0.0415,True,0.041,0.042,2026-12-19T00:00:00Z
200782,MLS Cup Winner 2026,19713513.749766998,846314.21641,31,1349148,Will Colorado Rapids win the 2026 MLS Cup?,0.0045,True,0.004,0.005,2026-12-19T00:00:00Z
200782,MLS Cup Winner 2026,19713513.749766998,846314.21641,31,1349149,Will Columbus Crew win the 2026 MLS Cup?,0.0135,True,0.013,0.014,2026-12-19T00:00:00Z
200782,MLS Cup Winner 2026,19713513.749766998,846314.21641,31,1349150,Will FC Dallas win the 2026 MLS Cup?,0.021,True,0.019,0.023,2026-12-19T00:00:00Z
200782,MLS Cup Winner 2026,19713513.749766998,846314.21641,31,1349151,Will D.C. United win the 2026 MLS Cup?,0.0065,True,0.006,0.007,2026-12-19T00:00:00Z
200782,MLS Cup Winner 2026,19713513.749766998,846314.21641,31,1349152,Will Houston Dynamo FC win the 2026 MLS Cup?,0.044,True,0.027,0.061,2026-12-19T00:00:00Z
200782,MLS Cup Winner 2026,19713513.749766998,846314.21641,31,1349153,Will LA Galaxy win the 2026 MLS Cup?,0.0085,True,0.007,0.01,2026-12-19T00:00:00Z
200782,MLS Cup Winner 2026,19713513.749766998,846314.21641,31,1349154,Will Los Angeles FC win the 2026 MLS Cup?,0.095,True,0.09,0.1,2026-12-19T00:00:00Z
200782,MLS Cup Winner 2026,19713513.749766998,846314.21641,31,1349155,Will Minnesota United FC win the 2026 MLS Cup?,0.008,True,0.007,0.009,2026-12-19T00:00:00Z
200782,MLS Cup Winner 2026,19713513.749766998,846314.21641,31,1349156,Will Inter Miami CF win the 2026 MLS Cup?,0.225,True,0.22,0.23,2026-12-19T00:00:00Z
200782,MLS Cup Winner 2026,19713513.749766998,846314.21641,31,1349157,Will CF Montréal win the 2026 MLS Cup?,0.002,True,0.001,0.003,2026-12-19T00:00:00Z
200782,MLS Cup Winner 2026,19713513.749766998,846314.21641,31,1349158,Will Nashville SC win the 2026 MLS Cup?,0.168,True,0.147,0.189,2026-12-19T00:00:00Z
200782,MLS Cup Winner 2026,19713513.749766998,846314.21641,31,1349159,Will New England Revolution win the 2026 MLS Cup?,0.0145,True,0.014,0.015,2026-12-19T00:00:00Z
200782,MLS Cup Winner 2026,19713513.749766998,846314.21641,31,1349160,Will New York City FC win the 2026 MLS Cup?,0.0195,True,0.019,0.02,2026-12-19T00:00:00Z
200782,MLS Cup Winner 2026,19713513.749766998,846314.21641,31,1349161,Will New York Red Bulls win the 2026 MLS Cup?,0.0165,True,0.016,0.017,2026-12-19T00:00:00Z
200782,MLS Cup Winner 2026,19713513.749766998,846314.21641,31,1349162,Will Orlando City SC win the 2026 MLS Cup?,0.02,True,0.014,0.026,2026-12-19T00:00:00Z
200782,MLS Cup Winner 2026,19713513.749766998,846314.21641,31,1349163,Will Philadelphia Union win the 2026 MLS Cup?,0.0025,True,0.002,0.003,2026-12-19T00:00:00Z
200782,MLS Cup Winner 2026,19713513.749766998,846314.21641,31,1349164,Will Portland Timbers win the 2026 MLS Cup?,0.0015,True,0.001,0.002,2026-12-19T00:00:00Z
200782,MLS Cup Winner 2026,19713513.749766998,846314.21641,31,1349165,Will Real Salt Lake win the 2026 MLS Cup?,0.0165,True,0.016,0.017,2026-12-19T00:00:00Z
200782,MLS Cup Winner 2026,19713513.749766998,846314.21641,31,1349166,Will San Diego FC win the 2026 MLS Cup?,0.0125,True,0.01,0.015,2026-12-19T00:00:00Z
200782,MLS Cup Winner 2026,19713513.749766998,846314.21641,31,1349167,Will San Jose Earthquakes win the 2026 MLS Cup?,0.0195,True,0.019,0.02,2026-12-19T00:00:00Z
200782,MLS Cup Winner 2026,19713513.749766998,846314.21641,31,1349168,Will Seattle Sounders FC win the 2026 MLS Cup?,0.0355,True,0.035,0.036,2026-12-19T00:00:00Z
200782,MLS Cup Winner 2026,19713513.749766998,846314.21641,31,1349169,Will Sporting Kansas City win the 2026 MLS Cup?,0.0025,True,0.002,0.003,2026-12-19T00:00:00Z
200782,MLS Cup Winner 2026,19713513.749766998,846314.21641,31,1349170,Will St. Louis City SC win the 2026 MLS Cup?,0.0085,True,0.007,0.01,2026-12-19T00:00:00Z
200782,MLS Cup Winner 2026,19713513.749766998,846314.21641,31,1349171,Will Toronto FC win the 2026 MLS Cup?,0.0035,True,0.002,0.005,2026-12-19T00:00:00Z
200782,MLS Cup Winner 2026,19713513.749766998,846314.21641,31,1349172,Will Vancouver Whitecaps FC win the 2026 MLS Cup?,0.1475,True,0.147,0.148,2026-12-19T00:00:00Z
200782,MLS Cup Winner 2026,19713513.749766998,846314.21641,31,1389918,Will another team win the 2026 MLS Cup?,,False,0.0,1.0,2026-12-19T00:00:00Z
478277,NBA: 2027 Champion,18667334.01177,10735677.13125,36,2243296,Will Atlanta Hawks win the 2027 NBA Finals?,0.0095,True,0.009,0.01,2027-07-01T00:00:00Z
478277,NBA: 2027 Champion,18667334.01177,10735677.13125,36,2243297,Will Boston Celtics win the 2027 NBA Finals?,0.045,True,0.04,0.05,2027-07-01T00:00:00Z
478277,NBA: 2027 Champion,18667334.01177,10735677.13125,36,2243298,Will Brooklyn Nets win the 2027 NBA Finals?,0.0015,True,0.001,0.002,2027-07-01T00:00:00Z
478277,NBA: 2027 Champion,18667334.01177,10735677.13125,36,2243299,Will Charlotte Hornets win the 2027 NBA Finals?,0.0045,True,0.004,0.005,2027-07-01T00:00:00Z
478277,NBA: 2027 Champion,18667334.01177,10735677.13125,36,2243300,Will Chicago Bulls win the 2027 NBA Finals?,0.0025,True,0.002,0.003,2027-07-01T00:00:00Z
478277,NBA: 2027 Champion,18667334.01177,10735677.13125,36,2243301,Will Cleveland Cavaliers win the 2027 NBA Finals?,0.0235,True,0.023,0.024,2027-07-01T00:00:00Z
478277,NBA: 2027 Champion,18667334.01177,10735677.13125,36,2243302,Will Detroit Pistons win the 2027 NBA Finals?,0.0295,True,0.029,0.03,2027-07-01T00:00:00Z
478277,NBA: 2027 Champion,18667334.01177,10735677.13125,36,2243303,Will Indiana Pacers win the 2027 NBA Finals?,0.0185,True,0.018,0.019,2027-07-01T00:00:00Z
478277,NBA: 2027 Champion,18667334.01177,10735677.13125,36,2243304,Will Miami Heat win the 2027 NBA Finals?,0.0315,True,0.031,0.032,2027-07-01T00:00:00Z
478277,NBA: 2027 Champion,18667334.01177,10735677.13125,36,2243305,Will Milwaukee Bucks win the 2027 NBA Finals?,0.0015,True,0.001,0.002,2027-07-01T00:00:00Z
478277,NBA: 2027 Champion,18667334.01177,10735677.13125,36,2243306,Will New York Knicks win the 2027 NBA Finals?,0.115,True,0.11,0.12,2027-07-01T00:00:00Z
478277,NBA: 2027 Champion,18667334.01177,10735677.13125,36,2243307,Will Orlando Magic win the 2027 NBA Finals?,0.0085,True,0.008,0.009,2027-07-01T00:00:00Z
478277,NBA: 2027 Champion,18667334.01177,10735677.13125,36,2243308,Will Philadelphia 76ers win the 2027 NBA Finals?,0.1295,True,0.129,0.13,2027-07-01T00:00:00Z
478277,NBA: 2027 Champion,18667334.01177,10735677.13125,36,2243309,Will Toronto Raptors win the 2027 NBA Finals?,0.0365,True,0.036,0.037,2027-07-01T00:00:00Z
478277,NBA: 2027 Champion,18667334.01177,10735677.13125,36,2243310,Will Washington Wizards win the 2027 NBA Finals?,0.0125,True,0.012,0.013,2027-07-01T00:00:00Z
478277,NBA: 2027 Champion,18667334.01177,10735677.13125,36,2243311,Will Dallas Mavericks win the 2027 NBA Finals?,0.011,True,0.01,0.012,2027-07-01T00:00:00Z
478277,NBA: 2027 Champion,18667334.01177,10735677.13125,36,2243312,Will Denver Nuggets win the 2027 NBA Finals?,0.0325,True,0.032,0.033,2027-07-01T00:00:00Z
478277,NBA: 2027 Champion,18667334.01177,10735677.13125,36,2243313,Will Golden State Warriors win the 2027 NBA Finals?,0.0125,True,0.012,0.013,2027-07-01T00:00:00Z
478277,NBA: 2027 Champion,18667334.01177,10735677.13125,36,2243314,Will Houston Rockets win the 2027 NBA Finals?,0.0155,True,0.015,0.016,2027-07-01T00:00:00Z
478277,NBA: 2027 Champion,18667334.01177,10735677.13125,36,2243315,Will Los Angeles Clippers win the 2027 NBA Finals?,0.0025,True,0.002,0.003,2027-07-01T00:00:00Z
478277,NBA: 2027 Champion,18667334.01177,10735677.13125,36,2243316,Will Los Angeles Lakers win the 2027 NBA Finals?,0.0205,True,0.02,0.021,2027-07-01T00:00:00Z
478277,NBA: 2027 Champion,18667334.01177,10735677.13125,36,2243317,Will Memphis Grizzlies win the 2027 NBA Finals?,0.0025,True,0.002,0.003,2027-07-01T00:00:00Z
478277,NBA: 2027 Champion,18667334.01177,10735677.13125,36,2243318,Will Minnesota Timberwolves win the 2027 NBA Finals?,0.0365,True,0.036,0.037,2027-07-01T00:00:00Z
478277,NBA: 2027 Champion,18667334.01177,10735677.13125,36,2243319,Will New Orleans Pelicans win the 2027 NBA Finals?,0.0015,True,0.001,0.002,2027-07-01T00:00:00Z
478277,NBA: 2027 Champion,18667334.01177,10735677.13125,36,2243320,Will Oklahoma City Thunder win the 2027 NBA Finals?,0.215,True,0.21,0.22,2027-07-01T00:00:00Z
478277,NBA: 2027 Champion,18667334.01177,10735677.13125,36,2243321,Will Phoenix Suns win the 2027 NBA Finals?,0.0045,True,0.004,0.005,2027-07-01T00:00:00Z
478277,NBA: 2027 Champion,18667334.01177,10735677.13125,36,2243322,Will Portland Trail Blazers win the 2027 NBA Finals?,0.0105,True,0.01,0.011,2027-07-01T00:00:00Z
478277,NBA: 2027 Champion,18667334.01177,10735677.13125,36,2243323,Will Sacramento Kings win the 2027 NBA Finals?,0.0015,True,0.001,0.002,2027-07-01T00:00:00Z
478277,NBA: 2027 Champion,18667334.01177,10735677.13125,36,2243324,Will San Antonio Spurs win the 2027 NBA Finals?,0.205,True,0.2,0.21,2027-07-01T00:00:00Z
478277,NBA: 2027 Champion,18667334.01177,10735677.13125,36,2243325,Will Utah Jazz win the 2027 NBA Finals?,0.0115,True,0.009,0.014,2027-07-01T00:00:00Z
478277,NBA: 2027 Champion,18667334.01177,10735677.13125,36,2243326,Will Team A win the 2027 NBA Finals?,,False,0.0,1.0,2027-07-01T00:00:00Z
478277,NBA: 2027 Champion,18667334.01177,10735677.13125,36,2243327,Will Team B win the 2027 NBA Finals?,,False,0.0,1.0,2027-07-01T00:00:00Z
478277,NBA: 2027 Champion,18667334.01177,10735677.13125,36,2243328,Will Team C win the 2027 NBA Finals?,,False,0.0,1.0,2027-07-01T00:00:00Z
478277,NBA: 2027 Champion,18667334.01177,10735677.13125,36,2243329,Will Team D win the 2027 NBA Finals?,,False,0.0,1.0,2027-07-01T00:00:00Z
478277,NBA: 2027 Champion,18667334.01177,10735677.13125,36,2243330,Will Team E win the 2027 NBA Finals?,,False,0.0,1.0,2027-07-01T00:00:00Z
478277,NBA: 2027 Champion,18667334.01177,10735677.13125,36,2243331,Will another team win the 2027 NBA Finals?,,False,0.0,1.0,2027-07-01T00:00:00Z
79831,Highest grossing movie in 2026?,17186709.162437998,2605206.91585,28,678407,Will Wicked: For Good be the top grossing movie of 2026?,0.0005,True,,0.001,2026-12-31T00:00:00Z
79831,Highest grossing movie in 2026?,17186709.162437998,2605206.91585,28,678408,Will Wuthering Heights be the top grossing movie of 2026?,0.0005,True,,0.001,2026-12-31T00:00:00Z
79831,Highest grossing movie in 2026?,17186709.162437998,2605206.91585,28,678409,Will Scream 7 be the top grossing movie of 2026?,0.0005,True,,0.001,2026-12-31T00:00:00Z
79831,Highest grossing movie in 2026?,17186709.162437998,2605206.91585,28,678410,Will Michael be the top grossing movie of 2026?,0.0005,True,,0.001,2026-12-31T00:00:00Z
79831,Highest grossing movie in 2026?,17186709.162437998,2605206.91585,28,678411,Will Star Wars: The Mandalorian and Grogu be the top grossing movie of 2026?,0.0015,True,0.001,0.002,2026-12-31T00:00:00Z
79831,Highest grossing movie in 2026?,17186709.162437998,2605206.91585,28,678412,Will Toy Story 5 be the top grossing movie of 2026?,0.0005,True,,0.001,2026-12-31T00:00:00Z
79831,Highest grossing movie in 2026?,17186709.162437998,2605206.91585,28,678413,Will The Odyssey be the top grossing movie of 2026?,0.0015,True,0.001,0.002,2026-12-31T00:00:00Z
79831,Highest grossing movie in 2026?,17186709.162437998,2605206.91585,28,678414,Will Spider-Man: Brand New Day be the top grossing movie of 2026?,0.925,True,0.92,0.93,2026-12-31T00:00:00Z
79831,Highest grossing movie in 2026?,17186709.162437998,2605206.91585,28,678415,Will The Hunger Games: Sunrise on the Reaping be the top grossing movie of 2026?,0.0005,True,,0.001,2026-12-31T00:00:00Z
79831,Highest grossing movie in 2026?,17186709.162437998,2605206.91585,28,678416,Will Avengers: Doomsday be the top grossing movie of 2026?,0.06,True,0.05,0.07,2026-12-31T00:00:00Z
79831,Highest grossing movie in 2026?,17186709.162437998,2605206.91585,28,678417,Will Dune: Messiah be the top grossing movie of 2026?,0.0025,True,0.002,0.003,2026-12-31T00:00:00Z
79831,Highest grossing movie in 2026?,17186709.162437998,2605206.91585,28,678418,Will Project Hail Mary be the top grossing movie of 2026?,0.0005,True,,0.001,2026-12-31T00:00:00Z
79831,Highest grossing movie in 2026?,17186709.162437998,2605206.91585,28,678419,Will The Super Mario Galaxy Movie be the top grossing movie of 2026?,0.003,True,0.002,0.004,2026-12-31T00:00:00Z
79831,Highest grossing movie in 2026?,17186709.162437998,2605206.91585,28,678420,Will Jumanji 3 be the top grossing movie of 2026?,0.0005,True,,0.001,2026-12-31T00:00:00Z
79831,Highest grossing movie in 2026?,17186709.162437998,2605206.91585,28,678421,Will Minions & Monsters be the top grossing movie of 2026?,,False,0.0,1.0,2026-12-31T00:00:00Z
79831,Highest grossing movie in 2026?,17186709.162437998,2605206.91585,28,678422,Will Movie D be the top grossing movie of 2026?,,False,0.0,1.0,2026-12-31T00:00:00Z
79831,Highest grossing movie in 2026?,17186709.162437998,2605206.91585,28,678423,Will Movie E be the top grossing movie of 2026?,,False,0.0,1.0,2026-12-31T00:00:00Z
79831,Highest grossing movie in 2026?,17186709.162437998,2605206.91585,28,678424,Will Movie F be the top grossing movie of 2026?,,False,0.0,1.0,2026-12-31T00:00:00Z
79831,Highest grossing movie in 2026?,17186709.162437998,2605206.91585,28,678425,Will Movie G be the top grossing movie of 2026?,,False,0.0,1.0,2026-12-31T00:00:00Z
79831,Highest grossing movie in 2026?,17186709.162437998,2605206.91585,28,678426,Will Movie H be the top grossing movie of 2026?,,False,0.0,1.0,2026-12-31T00:00:00Z
79831,Highest grossing movie in 2026?,17186709.162437998,2605206.91585,28,678427,Will Movie I be the top grossing movie of 2026?,,False,0.0,1.0,2026-12-31T00:00:00Z
79831,Highest grossing movie in 2026?,17186709.162437998,2605206.91585,28,678428,Will Movie J be the top grossing movie of 2026?,,False,0.0,1.0,2026-12-31T00:00:00Z
79831,Highest grossing movie in 2026?,17186709.162437998,2605206.91585,28,678429,Will Movie K be the top grossing movie of 2026?,,False,0.0,1.0,2026-12-31T00:00:00Z
79831,Highest grossing movie in 2026?,17186709.162437998,2605206.91585,28,678430,Will Movie L be the top grossing movie of 2026?,,False,0.0,1.0,2026-12-31T00:00:00Z
79831,Highest grossing movie in 2026?,17186709.162437998,2605206.91585,28,678431,Will Movie M be the top grossing movie of 2026?,,False,0.0,1.0,2026-12-31T00:00:00Z
79831,Highest grossing movie in 2026?,17186709.162437998,2605206.91585,28,678432,Will Movie N be the top grossing movie of 2026?,,False,0.0,1.0,2026-12-31T00:00:00Z
79831,Highest grossing movie in 2026?,17186709.162437998,2605206.91585,28,678433,Will Movie O be the top grossing movie of 2026?,,False,0.0,1.0,2026-12-31T00:00:00Z
79831,Highest grossing movie in 2026?,17186709.162437998,2605206.91585,28,678434,Will another movie be the top grossing movie of 2026?,,False,0.0,1.0,2026-12-31T00:00:00Z
57111,Los Angeles Mayoral Election,13437174.01127006,218153.92357,15,629030,Will Karen Bass win the 2026 Los Angeles mayoral election?,0.645,True,0.64,0.65,2026-12-31T23:59:00Z
57111,Los Angeles Mayoral Election,13437174.01127006,218153.92357,15,629031,Will Rick Caruso win the 2026 Los Angeles mayoral election?,0.0,False,,0.001,2026-12-31T23:59:00Z
57111,Los Angeles Mayoral Election,13437174.01127006,218153.92357,15,629032,Will Asaad Alnajjar win the 2026 Los Angeles mayoral election?,0.0,False,,0.001,2026-12-31T23:59:00Z
57111,Los Angeles Mayoral Election,13437174.01127006,218153.92357,15,629033,Will Gina Viola win the 2026 Los Angeles mayoral election?,0.0,False,,0.001,2026-12-31T23:59:00Z
57111,Los Angeles Mayoral Election,13437174.01127006,218153.92357,15,629034,Will another candidate win the 2026 Los Angeles mayoral election?,,False,0.0,1.0,2026-12-31T23:59:00Z
57111,Los Angeles Mayoral Election,13437174.01127006,218153.92357,15,629035,Will Spencer Pratt win the 2026 Los Angeles mayoral election?,0.0,False,,0.001,2026-12-31T23:59:00Z
57111,Los Angeles Mayoral Election,13437174.01127006,218153.92357,15,629036,Will Austin Beutner win the 2026 Los Angeles mayoral election?,0.0,False,,0.001,2026-12-31T23:59:00Z
57111,Los Angeles Mayoral Election,13437174.01127006,218153.92357,15,629037,Will Lindsey Horvath win the 2026 Los Angeles mayoral election?,0.0,False,,0.001,2026-12-31T23:59:00Z
57111,Los Angeles Mayoral Election,13437174.01127006,218153.92357,15,629038,Will Monica Rodriguez win the 2026 Los Angeles mayoral election?,0.0,False,,0.001,2026-12-31T23:59:00Z
57111,Los Angeles Mayoral Election,13437174.01127006,218153.92357,15,629039,Will Rae Huang win the 2026 Los Angeles mayoral election?,0.0,False,,0.001,2026-12-31T23:59:00Z
57111,Los Angeles Mayoral Election,13437174.01127006,218153.92357,15,629040,Will Nithya Raman win the 2026 Los Angeles mayoral election?,0.3465,True,0.346,0.347,2026-12-31T23:59:00Z
57111,Los Angeles Mayoral Election,13437174.01127006,218153.92357,15,629041,Will Adam Miller win the 2026 Los Angeles mayoral election?,0.0,False,,0.001,2026-12-31T23:59:00Z
57111,Los Angeles Mayoral Election,13437174.01127006,218153.92357,15,629042,Will Candidate H win the 2026 Los Angeles mayoral election?,,False,0.0,1.0,2026-12-31T23:59:00Z
57111,Los Angeles Mayoral Election,13437174.01127006,218153.92357,15,629043,Will Candidate I win the 2026 Los Angeles mayoral election?,,False,0.0,1.0,2026-12-31T23:59:00Z
57111,Los Angeles Mayoral Election,13437174.01127006,218153.92357,15,629044,Will Candidate J win the 2026 Los Angeles mayoral election?,,False,0.0,1.0,2026-12-31T23:59:00Z
659671,UEFA Champions League: 2027 Champion,12629828.669782002,7664929.87724,42,2772166,Will Paris Saint-Germain win the 2026-27 UEFA Champions League Championship?,0.145,True,0.14,0.15,2027-05-30T23:59:00Z
659671,UEFA Champions League: 2027 Champion,12629828.669782002,7664929.87724,42,2772167,Will Aston Villa win the 2026-27 UEFA Champions League Championship?,0.0115,True,0.011,0.012,2027-05-30T23:59:00Z
659671,UEFA Champions League: 2027 Champion,12629828.669782002,7664929.87724,42,2772168,Will Arsenal win the 2026-27 UEFA Champions League Championship?,0.145,True,0.14,0.15,2027-05-30T23:59:00Z
659671,UEFA Champions League: 2027 Champion,12629828.669782002,7664929.87724,42,2772169,Will Manchester City win the 2026-27 UEFA Champions League Championship?,0.085,True,0.08,0.09,2027-05-30T23:59:00Z
659671,UEFA Champions League: 2027 Champion,12629828.669782002,7664929.87724,42,2772170,Will Manchester United win the 2026-27 UEFA Champions League Championship?,0.03,True,0.029,0.031,2027-05-30T23:59:00Z
659671,UEFA Champions League: 2027 Champion,12629828.669782002,7664929.87724,42,2772171,Will Liverpool win the 2026-27 UEFA Champions League Championship?,0.065,True,0.06,0.07,2027-05-30T23:59:00Z
659671,UEFA Champions League: 2027 Champion,12629828.669782002,7664929.87724,42,2772172,Will Inter Milan win the 2026-27 UEFA Champions League Championship?,0.023,True,0.022,0.024,2027-05-30T23:59:00Z
659671,UEFA Champions League: 2027 Champion,12629828.669782002,7664929.87724,42,2772173,Will Napoli win the 2026-27 UEFA Champions League Championship?,0.0085,True,0.008,0.009,2027-05-30T23:59:00Z
659671,UEFA Champions League: 2027 Champion,12629828.669782002,7664929.87724,42,2772174,Will Roma win the 2026-27 UEFA Champions League Championship?,0.0055,True,0.005,0.006,2027-05-30T23:59:00Z
659671,UEFA Champions League: 2027 Champion,12629828.669782002,7664929.87724,42,2772175,Will Como win the 2026-27 UEFA Champions League Championship?,0.0035,True,0.003,0.004,2027-05-30T23:59:00Z
659671,UEFA Champions League: 2027 Champion,12629828.669782002,7664929.87724,42,2772176,Will Barcelona win the 2026-27 UEFA Champions League Championship?,0.165,True,0.16,0.17,2027-05-30T23:59:00Z
659671,UEFA Champions League: 2027 Champion,12629828.669782002,7664929.87724,42,2772177,Will Real Madrid win the 2026-27 UEFA Champions League Championship?,0.115,True,0.11,0.12,2027-05-30T23:59:00Z
659671,UEFA Champions League: 2027 Champion,12629828.669782002,7664929.87724,42,2772178,Will Villarreal win the 2026-27 UEFA Champions League Championship?,0.0035,True,0.003,0.004,2027-05-30T23:59:00Z
659671,UEFA Champions League: 2027 Champion,12629828.669782002,7664929.87724,42,2772179,Will Atlético Madrid win the 2026-27 UEFA Champions League Championship?,0.0225,True,0.022,0.023,2027-05-30T23:59:00Z
659671,UEFA Champions League: 2027 Champion,12629828.669782002,7664929.87724,42,2772180,Will Real Betis win the 2026-27 UEFA Champions League Championship?,0.0035,True,0.003,0.004,2027-05-30T23:59:00Z
659671,UEFA Champions League: 2027 Champion,12629828.669782002,7664929.87724,42,2772181,Will Bayern Munich win the 2026-27 UEFA Champions League Championship?,0.135,True,0.13,0.14,2027-05-30T23:59:00Z
659671,UEFA Champions League: 2027 Champion,12629828.669782002,7664929.87724,42,2772182,Will Borussia Dortmund win the 2026-27 UEFA Champions League Championship?,0.0085,True,0.008,0.009,2027-05-30T23:59:00Z
659671,UEFA Champions League: 2027 Champion,12629828.669782002,7664929.87724,42,2772183,Will RB Leipzig win the 2026-27 UEFA Champions League Championship?,0.0065,True,0.006,0.007,2027-05-30T23:59:00Z
659671,UEFA Champions League: 2027 Champion,12629828.669782002,7664929.87724,42,2772184,Will VfB Stuttgart win the 2026-27 UEFA Champions League Championship?,0.0025,True,0.002,0.003,2027-05-30T23:59:00Z
659671,UEFA Champions League: 2027 Champion,12629828.669782002,7664929.87724,42,2772185,Will Lens win the 2026-27 UEFA Champions League Championship?,0.0025,True,0.002,0.003,2027-05-30T23:59:00Z
659671,UEFA Champions League: 2027 Champion,12629828.669782002,7664929.87724,42,2772186,Will Lille win the 2026-27 UEFA Champions League Championship?,0.0015,True,0.001,0.002,2027-05-30T23:59:00Z
659671,UEFA Champions League: 2027 Champion,12629828.669782002,7664929.87724,42,2772187,Will PSV Eindhoven win the 2026-27 UEFA Champions League Championship?,0.0025,True,0.002,0.003,2027-05-30T23:59:00Z
659671,UEFA Champions League: 2027 Champion,12629828.669782002,7664929.87724,42,2772188,Will Feyenoord win the 2026-27 UEFA Champions League Championship?,0.0015,True,0.001,0.002,2027-05-30T23:59:00Z
659671,UEFA Champions League: 2027 Champion,12629828.669782002,7664929.87724,42,2772189,Will Porto win the 2026-27 UEFA Champions League Championship?,0.0025,True,0.002,0.003,2027-05-30T23:59:00Z
659671,UEFA Champions League: 2027 Champion,12629828.669782002,7664929.87724,42,2772190,Will Sporting CP win the 2026-27 UEFA Champions League Championship?,0.0025,True,0.002,0.003,2027-05-30T23:59:00Z
659671,UEFA Champions League: 2027 Champion,12629828.669782002,7664929.87724,42,2772191,Will Club Brugge win the 2026-27 UEFA Champions League Championship?,0.0015,True,0.001,0.002,2027-05-30T23:59:00Z
659671,UEFA Champions League: 2027 Champion,12629828.669782002,7664929.87724,42,2772192,Will Slavia Prague win the 2026-27 UEFA Champions League Championship?,0.0015,True,0.001,0.002,2027-05-30T23:59:00Z
659671,UEFA Champions League: 2027 Champion,12629828.669782002,7664929.87724,42,2772193,Will Galatasaray win the 2026-27 UEFA Champions League Championship?,0.0035,True,0.003,0.004,2027-05-30T23:59:00Z
659671,UEFA Champions League: 2027 Champion,12629828.669782002,7664929.87724,42,2772194,Will Shakhtar Donetsk win the 2026-27 UEFA Champions League Championship?,0.0015,True,0.001,0.002,2027-05-30T23:59:00Z
659671,UEFA Champions League: 2027 Champion,12629828.669782002,7664929.87724,42,2772195,Will Team A win the 2026-27 UEFA Champions League Championship?,0.5,True,0.0,1.0,2027-05-30T23:59:00Z
659671,UEFA Champions League: 2027 Champion,12629828.669782002,7664929.87724,42,2772196,Will Team B win the 2026-27 UEFA Champions League Championship?,0.5,True,0.0,1.0,2027-05-30T23:59:00Z
659671,UEFA Champions League: 2027 Champion,12629828.669782002,7664929.87724,42,2772197,Will Team C win the 2026-27 UEFA Champions League Championship?,0.5,True,0.0,1.0,2027-05-30T23:59:00Z
659671,UEFA Champions League: 2027 Champion,12629828.669782002,7664929.87724,42,2772198,Will Team D win the 2026-27 UEFA Champions League Championship?,0.5,True,0.0,1.0,2027-05-30T23:59:00Z
659671,UEFA Champions League: 2027 Champion,12629828.669782002,7664929.87724,42,2772199,Will Team E win the 2026-27 UEFA Champions League Championship?,0.5,True,0.0,1.0,2027-05-30T23:59:00Z
659671,UEFA Champions League: 2027 Champion,12629828.669782002,7664929.87724,42,2772200,Will Team F win the 2026-27 UEFA Champions League Championship?,0.5,True,0.0,1.0,2027-05-30T23:59:00Z
659671,UEFA Champions League: 2027 Champion,12629828.669782002,7664929.87724,42,2772201,Will Team G win the 2026-27 UEFA Champions League Championship?,0.5,True,0.0,1.0,2027-05-30T23:59:00Z
659671,UEFA Champions League: 2027 Champion,12629828.669782002,7664929.87724,42,2772202,Will another team win the 2026-27 UEFA Champions League Championship?,0.5,True,0.0,1.0,2027-05-30T23:59:00Z
659671,UEFA Champions League: 2027 Champion,12629828.669782002,7664929.87724,42,2772203,Will Team H win the 2026-27 UEFA Champions League Championship?,0.5,True,0.0,1.0,2027-05-30T23:59:00Z
659671,UEFA Champions League: 2027 Champion,12629828.669782002,7664929.87724,42,2772204,Will Team I win the 2026-27 UEFA Champions League Championship?,0.5,True,0.0,1.0,2027-05-30T23:59:00Z
659671,UEFA Champions League: 2027 Champion,12629828.669782002,7664929.87724,42,2772205,Will Team J win the 2026-27 UEFA Champions League Championship?,0.5,True,0.0,1.0,2027-05-30T23:59:00Z
659671,UEFA Champions League: 2027 Champion,12629828.669782002,7664929.87724,42,2772206,Will Team K win the 2026-27 UEFA Champions League Championship?,0.5,True,0.0,1.0,2027-05-30T23:59:00Z
659671,UEFA Champions League: 2027 Champion,12629828.669782002,7664929.87724,42,2772207,Will Team L win the 2026-27 UEFA Champions League Championship?,0.5,True,0.0,1.0,2027-05-30T23:59:00Z
32228,Balance of Power: 2026 Midterms,10285592.876641998,822103.99144,5,562828,"2026 Balance of Power: D Senate, D House",0.465,True,0.46,0.47,2026-11-03T00:00:00Z
32228,Balance of Power: 2026 Midterms,10285592.876641998,822103.99144,5,562829,"2026 Balance of Power: D Senate, R House",0.0085,True,0.007,0.01,2026-11-03T00:00:00Z
32228,Balance of Power: 2026 Midterms,10285592.876641998,822103.99144,5,562830,"2026 Balance of Power: R Senate, D House",0.375,True,0.37,0.38,2026-11-03T00:00:00Z
32228,Balance of Power: 2026 Midterms,10285592.876641998,822103.99144,5,562831,"2026 Balance of Power: R Senate, R House",0.125,True,0.12,0.13,2026-11-03T00:00:00Z
32228,Balance of Power: 2026 Midterms,10285592.876641998,822103.99144,5,562832,2026 Balance of Power: Other,0.003,True,0.002,0.004,2026-11-03T00:00:00Z
139236,2026 Men’s US Open Winner (Tennis),9727879.323733998,1574366.94178,49,1088471,Will Jannik Sinner win the 2026 Men's US Open?,0.0,False,,0.001,2026-09-13T00:00:00Z
139236,2026 Men’s US Open Winner (Tennis),9727879.323733998,1574366.94178,49,1088472,Will Carlos Alcaraz win the 2026 Men's US Open?,0.345,True,0.34,0.35,2026-09-13T00:00:00Z
139236,2026 Men’s US Open Winner (Tennis),9727879.323733998,1574366.94178,49,1088473,Will Novak Djokovic win the 2026 Men's US Open?,0.094,True,0.093,0.095,2026-09-13T00:00:00Z
139236,2026 Men’s US Open Winner (Tennis),9727879.323733998,1574366.94178,49,1088474,Will Jack Draper win the 2026 Men's US Open?,0.0005,True,,0.001,2026-09-13T00:00:00Z
139236,2026 Men’s US Open Winner (Tennis),9727879.323733998,1574366.94178,49,1088475,Will Alexander Zverev win the 2026 Men's US Open?,0.2055,True,0.205,0.206,2026-09-13T00:00:00Z
139236,2026 Men’s US Open Winner (Tennis),9727879.323733998,1574366.94178,49,1088476,Will Ben Shelton win the 2026 Men's US Open?,0.0765,True,0.074,0.079,2026-09-13T00:00:00Z
139236,2026 Men’s US Open Winner (Tennis),9727879.323733998,1574366.94178,49,1088477,Will Taylor Fritz win the 2026 Men's US Open?,0.0555,True,0.052,0.059,2026-09-13T00:00:00Z
139236,2026 Men’s US Open Winner (Tennis),9727879.323733998,1574366.94178,49,1088478,Will Daniil Medvedev win the 2026 Men's US Open?,0.026,True,0.025,0.027,2026-09-13T00:00:00Z
139236,2026 Men’s US Open Winner (Tennis),9727879.323733998,1574366.94178,49,1088479,Will Joao Fonseca win the 2026 Men's US Open?,0.0165,True,0.016,0.017,2026-09-13T00:00:00Z
139236,2026 Men’s US Open Winner (Tennis),9727879.323733998,1574366.94178,49,1088480,Will Felix Auger Aliassime win the 2026 Men's US Open?,0.023,True,0.022,0.024,2026-09-13T00:00:00Z
139236,2026 Men’s US Open Winner (Tennis),9727879.323733998,1574366.94178,49,1088481,Will Jakub Mensik win the 2026 Men's US Open?,0.0205,True,0.02,0.021,2026-09-13T00:00:00Z
139236,2026 Men’s US Open Winner (Tennis),9727879.323733998,1574366.94178,49,1088482,Will Alexander Bublik win the 2026 Men's US Open?,0.0055,True,0.004,0.007,2026-09-13T00:00:00Z
139236,2026 Men’s US Open Winner (Tennis),9727879.323733998,1574366.94178,49,1088483,Will Lorenzo Musetti win the 2026 Men's US Open?,0.011,True,0.01,0.012,2026-09-13T00:00:00Z
139236,2026 Men’s US Open Winner (Tennis),9727879.323733998,1574366.94178,49,1088484,Will Holger Rune win the 2026 Men's US Open?,0.0005,True,,0.001,2026-09-13T00:00:00Z
139236,2026 Men’s US Open Winner (Tennis),9727879.323733998,1574366.94178,49,1088485,Will Arthur Fils win the 2026 Men's US Open?,0.0525,True,0.05,0.055,2026-09-13T00:00:00Z
139236,2026 Men’s US Open Winner (Tennis),9727879.323733998,1574366.94178,49,1088486,Will Jiri Lehecka win the 2026 Men's US Open?,0.0065,True,0.006,0.007,2026-09-13T00:00:00Z
139236,2026 Men’s US Open Winner (Tennis),9727879.323733998,1574366.94178,49,1088487,Will Flavio Cobolli win the 2026 Men's US Open?,0.015,True,0.014,0.016,2026-09-13T00:00:00Z
139236,2026 Men’s US Open Winner (Tennis),9727879.323733998,1574366.94178,49,1088488,Will Matteo Berrettini win the 2026 Men's US Open?,0.0035,True,0.003,0.004,2026-09-13T00:00:00Z
139236,2026 Men’s US Open Winner (Tennis),9727879.323733998,1574366.94178,49,1088489,Will Andrey Rublev win the 2026 Men's US Open?,0.0065,True,0.006,0.007,2026-09-13T00:00:00Z
139236,2026 Men’s US Open Winner (Tennis),9727879.323733998,1574366.94178,49,1088490,Will Frances Tiafoe win the 2026 Men's US Open?,0.0215,True,0.02,0.023,2026-09-13T00:00:00Z
139236,2026 Men’s US Open Winner (Tennis),9727879.323733998,1574366.94178,49,1088491,Will Hubert Hurkacz win the 2026 Men's US Open?,0.0035,True,0.003,0.004,2026-09-13T00:00:00Z
139236,2026 Men’s US Open Winner (Tennis),9727879.323733998,1574366.94178,49,1088492,Will Grigor Dimitrov win the 2026 Men's US Open?,0.0035,True,0.003,0.004,2026-09-13T00:00:00Z
139236,2026 Men’s US Open Winner (Tennis),9727879.323733998,1574366.94178,49,1088493,Will Other win the 2026 Men's US Open?,,False,0.0,1.0,2026-09-13T00:00:00Z
139236,2026 Men’s US Open Winner (Tennis),9727879.323733998,1574366.94178,49,1088494,Will Alex de Minaur win the 2026 Men's US Open?,,False,0.0,1.0,2026-09-13T00:00:00Z
139236,2026 Men’s US Open Winner (Tennis),9727879.323733998,1574366.94178,49,1088495,Will Casper Ruud win the 2026 Men's US Open?,,False,0.0,1.0,2026-09-13T00:00:00Z
139236,2026 Men’s US Open Winner (Tennis),9727879.323733998,1574366.94178,49,1088496,Will Learner Tien win the 2026 Men's US Open?,,False,0.0,1.0,2026-09-13T00:00:00Z
139236,2026 Men’s US Open Winner (Tennis),9727879.323733998,1574366.94178,49,1088497,Will Valentin Vacherot win the 2026 Men's US Open?,,False,0.0,1.0,2026-09-13T00:00:00Z
139236,2026 Men’s US Open Winner (Tennis),9727879.323733998,1574366.94178,49,1088498,Will Luciano Darderi win the 2026 Men's US Open?,,False,0.0,1.0,2026-09-13T00:00:00Z
139236,2026 Men’s US Open Winner (Tennis),9727879.323733998,1574366.94178,49,1088499,Will Francisco Cerundolo win the 2026 Men's US Open?,,False,0.0,1.0,2026-09-13T00:00:00Z
139236,2026 Men’s US Open Winner (Tennis),9727879.323733998,1574366.94178,49,1088500,Will Tommy Paul win the 2026 Men's US Open?,,False,0.0,1.0,2026-09-13T00:00:00Z
139236,2026 Men’s US Open Winner (Tennis),9727879.323733998,1574366.94178,49,1088501,Will Rafael Jodar win the 2026 Men's US Open?,,False,0.0,1.0,2026-09-13T00:00:00Z
139236,2026 Men’s US Open Winner (Tennis),9727879.323733998,1574366.94178,49,1088502,Will Karen Khachanov win the 2026 Men's US Open?,,False,0.0,1.0,2026-09-13T00:00:00Z
139236,2026 Men’s US Open Winner (Tennis),9727879.323733998,1574366.94178,49,1088503,Will Arthur Rinderknech win the 2026 Men's US Open?,,False,0.0,1.0,2026-09-13T00:00:00Z
139236,2026 Men’s US Open Winner (Tennis),9727879.323733998,1574366.94178,49,1088504,Will Ugo Humbert win the 2026 Men's US Open?,,False,0.0,1.0,2026-09-13T00:00:00Z
139236,2026 Men’s US Open Winner (Tennis),9727879.323733998,1574366.94178,49,1088505,Will Alejandro Tabilo win the 2026 Men's US Open?,,False,0.0,1.0,2026-09-13T00:00:00Z
139236,2026 Men’s US Open Winner (Tennis),9727879.323733998,1574366.94178,49,1088506,Will Tomas Martin Etcheverry win the 2026 Men's US Open?,,False,0.0,1.0,2026-09-13T00:00:00Z
139236,2026 Men’s US Open Winner (Tennis),9727879.323733998,1574366.94178,49,1088508,Will Brandon Nakashima win the 2026 Men's US Open?,,False,0.0,1.0,2026-09-13T00:00:00Z
139236,2026 Men’s US Open Winner (Tennis),9727879.323733998,1574366.94178,49,1088509,Will Player O win the 2026 Men's US Open?,,False,0.0,1.0,2026-09-13T00:00:00Z
139236,2026 Men’s US Open Winner (Tennis),9727879.323733998,1574366.94178,49,1088510,Will Player P win the 2026 Men's US Open?,,False,0.0,1.0,2026-09-13T00:00:00Z
139236,2026 Men’s US Open Winner (Tennis),9727879.323733998,1574366.94178,49,1088512,Will Player Q win the 2026 Men's US Open?,,False,0.0,1.0,2026-09-13T00:00:00Z
139236,2026 Men’s US Open Winner (Tennis),9727879.323733998,1574366.94178,49,1088518,Will Player R win the 2026 Men's US Open?,,False,0.0,1.0,2026-09-13T00:00:00Z
139236,2026 Men’s US Open Winner (Tennis),9727879.323733998,1574366.94178,49,1088534,Will Player S win the 2026 Men's US Open?,,False,0.0,1.0,2026-09-13T00:00:00Z
139236,2026 Men’s US Open Winner (Tennis),9727879.323733998,1574366.94178,49,1088545,Will Player T win the 2026 Men's US Open?,,False,0.0,1.0,2026-09-13T00:00:00Z
139236,2026 Men’s US Open Winner (Tennis),9727879.323733998,1574366.94178,49,1088553,Will Player U win the 2026 Men's US Open?,,False,0.0,1.0,2026-09-13T00:00:00Z
139236,2026 Men’s US Open Winner (Tennis),9727879.323733998,1574366.94178,49,1088556,Will Player V win the 2026 Men's US Open?,,False,0.0,1.0,2026-09-13T00:00:00Z
139236,2026 Men’s US Open Winner (Tennis),9727879.323733998,1574366.94178,49,1088557,Will Player W win the 2026 Men's US Open?,,False,0.0,1.0,2026-09-13T00:00:00Z
139236,2026 Men’s US Open Winner (Tennis),9727879.323733998,1574366.94178,49,1088562,Will Player X win the 2026 Men's US Open?,,False,0.0,1.0,2026-09-13T00:00:00Z
139236,2026 Men’s US Open Winner (Tennis),9727879.323733998,1574366.94178,49,1088568,Will Player Y win the 2026 Men's US Open?,,False,0.0,1.0,2026-09-13T00:00:00Z
139236,2026 Men’s US Open Winner (Tennis),9727879.323733998,1574366.94178,49,1088569,Will Player Z win the 2026 Men's US Open?,,False,0.0,1.0,2026-09-13T00:00:00Z
32225,Which party will win the House in 2026?,9654971.104232999,1145725.7271,9,562802,Will the Democratic Party control the House after the 2026 Midterm elections?,0.875,True,0.87,0.88,2026-11-03T00:00:00Z
32225,Which party will win the House in 2026?,9654971.104232999,1145725.7271,9,562803,Will the Republican Party control the House after the 2026 Midterm elections?,0.125,True,0.12,0.13,2026-11-03T00:00:00Z
32225,Which party will win the House in 2026?,9654971.104232999,1145725.7271,9,562804,Will Party A control the House after the 2026 Midterm elections?,,False,0.0,1.0,2026-11-03T00:00:00Z
32225,Which party will win the House in 2026?,9654971.104232999,1145725.7271,9,562805,Will Party B control the House after the 2026 Midterm elections?,,False,0.0,1.0,2026-11-03T00:00:00Z
32225,Which party will win the House in 2026?,9654971.104232999,1145725.7271,9,562806,Will Party C control the House after the 2026 Midterm elections?,,False,0.0,1.0,2026-11-03T00:00:00Z
32225,Which party will win the House in 2026?,9654971.104232999,1145725.7271,9,562807,Will Party D control the House after the 2026 Midterm elections?,,False,0.0,1.0,2026-11-03T00:00:00Z
32225,Which party will win the House in 2026?,9654971.104232999,1145725.7271,9,562808,Will Party E control the House after the 2026 Midterm elections?,,False,0.0,1.0,2026-11-03T00:00:00Z
32225,Which party will win the House in 2026?,9654971.104232999,1145725.7271,9,562809,Will Party F control the House after the 2026 Midterm elections?,,False,0.0,1.0,2026-11-03T00:00:00Z
32225,Which party will win the House in 2026?,9654971.104232999,1145725.7271,9,562810,Will another party control the House after the 2026 Midterm elections?,,False,0.0,1.0,2026-11-03T00:00:00Z
659518,EPL: 2027 Champion,8093880.311532001,8089690.10826,24,2771324,Will Arsenal win the 2026-27 English Premier League (EPL) Championship?,0.485,True,0.48,0.49,2027-05-30T23:59:00Z
659518,EPL: 2027 Champion,8093880.311532001,8089690.10826,24,2771325,Will Aston Villa win the 2026-27 English Premier League (EPL) Championship?,0.0095,True,0.009,0.01,2027-05-30T23:59:00Z
659518,EPL: 2027 Champion,8093880.311532001,8089690.10826,24,2771326,Will Bournemouth win the 2026-27 English Premier League (EPL) Championship?,0.0015,True,0.001,0.002,2027-05-30T23:59:00Z
659518,EPL: 2027 Champion,8093880.311532001,8089690.10826,24,2771327,Will Brentford win the 2026-27 English Premier League (EPL) Championship?,0.0035,True,0.003,0.004,2027-05-30T23:59:00Z
659518,EPL: 2027 Champion,8093880.311532001,8089690.10826,24,2771328,Will Brighton win the 2026-27 English Premier League (EPL) Championship?,0.0045,True,0.004,0.005,2027-05-30T23:59:00Z
659518,EPL: 2027 Champion,8093880.311532001,8089690.10826,24,2771329,Will Chelsea win the 2026-27 English Premier League (EPL) Championship?,0.095,True,0.09,0.1,2027-05-30T23:59:00Z
659518,EPL: 2027 Champion,8093880.311532001,8089690.10826,24,2771330,Will Crystal Palace win the 2026-27 English Premier League (EPL) Championship?,0.0015,True,0.001,0.002,2027-05-30T23:59:00Z
659518,EPL: 2027 Champion,8093880.311532001,8089690.10826,24,2771331,Will Everton win the 2026-27 English Premier League (EPL) Championship?,0.0015,True,0.001,0.002,2027-05-30T23:59:00Z
659518,EPL: 2027 Champion,8093880.311532001,8089690.10826,24,2771332,Will Fulham win the 2026-27 English Premier League (EPL) Championship?,0.0005,True,,0.001,2027-05-30T23:59:00Z
659518,EPL: 2027 Champion,8093880.311532001,8089690.10826,24,2771333,Will Leeds United win the 2026-27 English Premier League (EPL) Championship?,0.0015,True,0.001,0.002,2027-05-30T23:59:00Z
659518,EPL: 2027 Champion,8093880.311532001,8089690.10826,24,2771334,Will Liverpool win the 2026-27 English Premier League (EPL) Championship?,0.115,True,0.11,0.12,2027-05-30T23:59:00Z
659518,EPL: 2027 Champion,8093880.311532001,8089690.10826,24,2771335,Will Manchester City win the 2026-27 English Premier League (EPL) Championship?,0.195,True,0.19,0.2,2027-05-30T23:59:00Z
659518,EPL: 2027 Champion,8093880.311532001,8089690.10826,24,2771336,Will Manchester United win the 2026-27 English Premier League (EPL) Championship?,0.055,True,0.05,0.06,2027-05-30T23:59:00Z
659518,EPL: 2027 Champion,8093880.311532001,8089690.10826,24,2771337,Will Newcastle United win the 2026-27 English Premier League (EPL) Championship?,0.0035,True,0.003,0.004,2027-05-30T23:59:00Z
659518,EPL: 2027 Champion,8093880.311532001,8089690.10826,24,2771338,Will Nottingham Forest win the 2026-27 English Premier League (EPL) Championship?,0.0015,True,0.001,0.002,2027-05-30T23:59:00Z
659518,EPL: 2027 Champion,8093880.311532001,8089690.10826,24,2771339,Will Tottenham win the 2026-27 English Premier League (EPL) Championship?,0.0195,True,0.019,0.02,2027-05-30T23:59:00Z
659518,EPL: 2027 Champion,8093880.311532001,8089690.10826,24,2771340,Will Sunderland win the 2026-27 English Premier League (EPL) Championship?,0.0015,True,0.001,0.002,2027-05-30T23:59:00Z
659518,EPL: 2027 Champion,8093880.311532001,8089690.10826,24,2771341,Will Coventry City win the 2026-27 English Premier League (EPL) Championship?,0.0015,True,0.001,0.002,2027-05-30T23:59:00Z
659518,EPL: 2027 Champion,8093880.311532001,8089690.10826,24,2771342,Will Ipswich Town win the 2026-27 English Premier League (EPL) Championship?,0.0005,True,,0.001,2027-05-30T23:59:00Z
659518,EPL: 2027 Champion,8093880.311532001,8089690.10826,24,2771343,Will Hull City win the 2026-27 English Premier League (EPL) Championship?,0.0005,True,,0.001,2027-05-30T23:59:00Z
659518,EPL: 2027 Champion,8093880.311532001,8089690.10826,24,2771344,Will Team A win the 2026-27 English Premier League (EPL) Championship?,0.5,True,0.0,1.0,2027-05-30T23:59:00Z
659518,EPL: 2027 Champion,8093880.311532001,8089690.10826,24,2771345,Will Team B win the 2026-27 English Premier League (EPL) Championship?,0.5,True,0.0,1.0,2027-05-30T23:59:00Z
659518,EPL: 2027 Champion,8093880.311532001,8089690.10826,24,2771346,Will Team C win the 2026-27 English Premier League (EPL) Championship?,0.5,True,0.0,1.0,2027-05-30T23:59:00Z
659518,EPL: 2027 Champion,8093880.311532001,8089690.10826,24,2771347,Will Another Team win the 2026-27 English Premier League (EPL) Championship?,0.5,True,0.0,1.0,2027-05-30T23:59:00Z
630058,NBA: 2026-27 Rookie of the Year,7861870.490012,429011.90682,81,2668796,Will AJ Dybantsa win the 2026-27 NBA Rookie of the Year?,0.205,True,0.2,0.21,2027-05-31T23:59:00Z
630058,NBA: 2026-27 Rookie of the Year,7861870.490012,429011.90682,81,2668797,Will Darryn Peterson win the 2026-27 NBA Rookie of the Year?,0.165,True,0.16,0.17,2027-05-31T23:59:00Z
630058,NBA: 2026-27 Rookie of the Year,7861870.490012,429011.90682,81,2668798,Will Cameron Boozer win the 2026-27 NBA Rookie of the Year?,0.225,True,0.22,0.23,2027-05-31T23:59:00Z
630058,NBA: 2026-27 Rookie of the Year,7861870.490012,429011.90682,81,2668799,Will Caleb Wilson win the 2026-27 NBA Rookie of the Year?,0.21,True,0.2,0.22,2027-05-31T23:59:00Z
630058,NBA: 2026-27 Rookie of the Year,7861870.490012,429011.90682,81,2668800,Will Keaton Wagler win the 2026-27 NBA Rookie of the Year?,0.0105,True,0.01,0.011,2027-05-31T23:59:00Z
630058,NBA: 2026-27 Rookie of the Year,7861870.490012,429011.90682,81,2668801,Will Mikel Brown Jr. win the 2026-27 NBA Rookie of the Year?,0.0215,True,0.021,0.022,2027-05-31T23:59:00Z
630058,NBA: 2026-27 Rookie of the Year,7861870.490012,429011.90682,81,2668802,Will Darius Acuff Jr. win the 2026-27 NBA Rookie of the Year?,0.05,True,0.04,0.06,2027-05-31T23:59:00Z
630058,NBA: 2026-27 Rookie of the Year,7861870.490012,429011.90682,81,2668803,Will Kingston Flemings win the 2026-27 NBA Rookie of the Year?,0.0055,True,0.004,0.007,2027-05-31T23:59:00Z
630058,NBA: 2026-27 Rookie of the Year,7861870.490012,429011.90682,81,2668804,Will Morez Johnson Jr. win the 2026-27 NBA Rookie of the Year?,0.006,True,0.003,0.009,2027-05-31T23:59:00Z
630058,NBA: 2026-27 Rookie of the Year,7861870.490012,429011.90682,81,2668805,Will Brayden Burries win the 2026-27 NBA Rookie of the Year?,0.006,True,0.003,0.009,2027-05-31T23:59:00Z
630058,NBA: 2026-27 Rookie of the Year,7861870.490012,429011.90682,81,2668806,Will Yaxel Lendeborg win the 2026-27 NBA Rookie of the Year?,0.0215,True,0.016,0.027,2027-05-31T23:59:00Z
630058,NBA: 2026-27 Rookie of the Year,7861870.490012,429011.90682,81,2668807,Will Aday Mara win the 2026-27 NBA Rookie of the Year?,0.004,True,0.002,0.006,2027-05-31T23:59:00Z
630058,NBA: 2026-27 Rookie of the Year,7861870.490012,429011.90682,81,2668808,Will Nate Ament win the 2026-27 NBA Rookie of the Year?,0.002,True,0.001,0.003,2027-05-31T23:59:00Z
630058,NBA: 2026-27 Rookie of the Year,7861870.490012,429011.90682,81,2668809,Will Hannes Steinbach win the 2026-27 NBA Rookie of the Year?,0.0015,True,0.001,0.002,2027-05-31T23:59:00Z
630058,NBA: 2026-27 Rookie of the Year,7861870.490012,429011.90682,81,2668810,Will Dailyn Swain win the 2026-27 NBA Rookie of the Year?,0.0015,True,0.001,0.002,2027-05-31T23:59:00Z
630058,NBA: 2026-27 Rookie of the Year,7861870.490012,429011.90682,81,2668811,Will Bennett Stirtz win the 2026-27 NBA Rookie of the Year?,0.04,True,0.003,0.077,2027-05-31T23:59:00Z
630058,NBA: 2026-27 Rookie of the Year,7861870.490012,429011.90682,81,2668812,Will Ebuka Okorie win the 2026-27 NBA Rookie of the Year?,0.0065,True,0.004,0.009,2027-05-31T23:59:00Z
630058,NBA: 2026-27 Rookie of the Year,7861870.490012,429011.90682,81,2668813,Will Christian Anderson win the 2026-27 NBA Rookie of the Year?,0.0025,True,0.002,0.003,2027-05-31T23:59:00Z
630058,NBA: 2026-27 Rookie of the Year,7861870.490012,429011.90682,81,2668814,Will Allen Graves win the 2026-27 NBA Rookie of the Year?,0.0025,True,0.002,0.003,2027-05-31T23:59:00Z
630058,NBA: 2026-27 Rookie of the Year,7861870.490012,429011.90682,81,2668815,Will Jayden Quaintance win the 2026-27 NBA Rookie of the Year?,0.0015,True,0.001,0.002,2027-05-31T23:59:00Z
630058,NBA: 2026-27 Rookie of the Year,7861870.490012,429011.90682,81,2668816,Will Karim López win the 2026-27 NBA Rookie of the Year?,0.0015,True,0.001,0.002,2027-05-31T23:59:00Z
630058,NBA: 2026-27 Rookie of the Year,7861870.490012,429011.90682,81,2668817,Will Labaron Philon Jr. win the 2026-27 NBA Rookie of the Year?,0.0025,True,0.002,0.003,2027-05-31T23:59:00Z
630058,NBA: 2026-27 Rookie of the Year,7861870.490012,429011.90682,81,2668818,Will Zuby Ejiofor win the 2026-27 NBA Rookie of the Year?,0.0025,True,0.002,0.003,2027-05-31T23:59:00Z
630058,NBA: 2026-27 Rookie of the Year,7861870.490012,429011.90682,81,2668819,Will Cameron Carr win the 2026-27 NBA Rookie of the Year?,0.002,True,0.001,0.003,2027-05-31T23:59:00Z
630058,NBA: 2026-27 Rookie of the Year,7861870.490012,429011.90682,81,2668820,Will Sergio De Larrea win the 2026-27 NBA Rookie of the Year?,0.0025,True,0.002,0.003,2027-05-31T23:59:00Z
630058,NBA: 2026-27 Rookie of the Year,7861870.490012,429011.90682,81,2668821,Will Tarris Reed Jr. win the 2026-27 NBA Rookie of the Year?,0.0015,True,0.001,0.002,2027-05-31T23:59:00Z
630058,NBA: 2026-27 Rookie of the Year,7861870.490012,429011.90682,81,2668822,Will Chris Cenac Jr. win the 2026-27 NBA Rookie of the Year?,0.0055,True,0.005,0.006,2027-05-31T23:59:00Z
630058,NBA: 2026-27 Rookie of the Year,7861870.490012,429011.90682,81,2668823,Will Joshua Jefferson win the 2026-27 NBA Rookie of the Year?,0.004,True,0.002,0.006,2027-05-31T23:59:00Z
630058,NBA: 2026-27 Rookie of the Year,7861870.490012,429011.90682,81,2668824,Will Alex Karaban win the 2026-27 NBA Rookie of the Year?,0.0025,True,0.002,0.003,2027-05-31T23:59:00Z
630058,NBA: 2026-27 Rookie of the Year,7861870.490012,429011.90682,81,2668825,Will Koa Peat win the 2026-27 NBA Rookie of the Year?,0.0025,True,0.002,0.003,2027-05-31T23:59:00Z
630058,NBA: 2026-27 Rookie of the Year,7861870.490012,429011.90682,81,2668826,Will Player A win the 2026-27 NBA Rookie of the Year?,0.5,True,0.0,1.0,2027-05-31T23:59:00Z
630058,NBA: 2026-27 Rookie of the Year,7861870.490012,429011.90682,81,2668827,Will Player B win the 2026-27 NBA Rookie of the Year?,0.5,True,0.0,1.0,2027-05-31T23:59:00Z
630058,NBA: 2026-27 Rookie of the Year,7861870.490012,429011.90682,81,2668828,Will Player C win the 2026-27 NBA Rookie of the Year?,0.5,True,0.0,1.0,2027-05-31T23:59:00Z
630058,NBA: 2026-27 Rookie of the Year,7861870.490012,429011.90682,81,2668829,Will Player D win the 2026-27 NBA Rookie of the Year?,0.5,True,0.0,1.0,2027-05-31T23:59:00Z
630058,NBA: 2026-27 Rookie of the Year,7861870.490012,429011.90682,81,2668830,Will Player E win the 2026-27 NBA Rookie of the Year?,0.5,True,0.0,1.0,2027-05-31T23:59:00Z
630058,NBA: 2026-27 Rookie of the Year,7861870.490012,429011.90682,81,2668831,Will Player F win the 2026-27 NBA Rookie of the Year?,0.5,True,0.0,1.0,2027-05-31T23:59:00Z
630058,NBA: 2026-27 Rookie of the Year,7861870.490012,429011.90682,81,2668832,Will Player G win the 2026-27 NBA Rookie of the Year?,0.5,True,0.0,1.0,2027-05-31T23:59:00Z
630058,NBA: 2026-27 Rookie of the Year,7861870.490012,429011.90682,81,2668833,Will Player H win the 2026-27 NBA Rookie of the Year?,0.5,True,0.0,1.0,2027-05-31T23:59:00Z
630058,NBA: 2026-27 Rookie of the Year,7861870.490012,429011.90682,81,2668834,Will Player I win the 2026-27 NBA Rookie of the Year?,0.5,True,0.0,1.0,2027-05-31T23:59:00Z
630058,NBA: 2026-27 Rookie of the Year,7861870.490012,429011.90682,81,2668835,Will Player J win the 2026-27 NBA Rookie of the Year?,0.5,True,0.0,1.0,2027-05-31T23:59:00Z
630058,NBA: 2026-27 Rookie of the Year,7861870.490012,429011.90682,81,2668836,Will Player K win the 2026-27 NBA Rookie of the Year?,0.5,True,0.0,1.0,2027-05-31T23:59:00Z
630058,NBA: 2026-27 Rookie of the Year,7861870.490012,429011.90682,81,2668837,Will Player L win the 2026-27 NBA Rookie of the Year?,0.5,True,0.0,1.0,2027-05-31T23:59:00Z
630058,NBA: 2026-27 Rookie of the Year,7861870.490012,429011.90682,81,2668838,Will Player M win the 2026-27 NBA Rookie of the Year?,0.5,True,0.0,1.0,2027-05-31T23:59:00Z
630058,NBA: 2026-27 Rookie of the Year,7861870.490012,429011.90682,81,2668839,Will Player N win the 2026-27 NBA Rookie of the Year?,0.5,True,0.0,1.0,2027-05-31T23:59:00Z
630058,NBA: 2026-27 Rookie of the Year,7861870.490012,429011.90682,81,2668840,Will Player O win the 2026-27 NBA Rookie of the Year?,0.5,True,0.0,1.0,2027-05-31T23:59:00Z
630058,NBA: 2026-27 Rookie of the Year,7861870.490012,429011.90682,81,2668841,Will Player P win the 2026-27 NBA Rookie of the Year?,0.5,True,0.0,1.0,2027-05-31T23:59:00Z
630058,NBA: 2026-27 Rookie of the Year,7861870.490012,429011.90682,81,2668842,Will Player Q win the 2026-27 NBA Rookie of the Year?,0.5,True,0.0,1.0,2027-05-31T23:59:00Z
630058,NBA: 2026-27 Rookie of the Year,7861870.490012,429011.90682,81,2668843,Will Player R win the 2026-27 NBA Rookie of the Year?,0.5,True,0.0,1.0,2027-05-31T23:59:00Z
630058,NBA: 2026-27 Rookie of the Year,7861870.490012,429011.90682,81,2668844,Will Player S win the 2026-27 NBA Rookie of the Year?,0.5,True,0.0,1.0,2027-05-31T23:59:00Z
630058,NBA: 2026-27 Rookie of the Year,7861870.490012,429011.90682,81,2668845,Will Player T win the 2026-27 NBA Rookie of the Year?,0.5,True,0.0,1.0,2027-05-31T23:59:00Z
630058,NBA: 2026-27 Rookie of the Year,7861870.490012,429011.90682,81,2668846,Will Player U win the 2026-27 NBA Rookie of the Year?,0.5,True,0.0,1.0,2027-05-31T23:59:00Z
630058,NBA: 2026-27 Rookie of the Year,7861870.490012,429011.90682,81,2668847,Will Player V win the 2026-27 NBA Rookie of the Year?,0.5,True,0.0,1.0,2027-05-31T23:59:00Z
630058,NBA: 2026-27 Rookie of the Year,7861870.490012,429011.90682,81,2668848,Will Player W win the 2026-27 NBA Rookie of the Year?,0.5,True,0.0,1.0,2027-05-31T23:59:00Z
630058,NBA: 2026-27 Rookie of the Year,7861870.490012,429011.90682,81,2668850,Will Player X win the 2026-27 NBA Rookie of the Year?,0.5,True,0.0,1.0,2027-05-31T23:59:00Z
630058,NBA: 2026-27 Rookie of the Year,7861870.490012,429011.90682,81,2668855,Will Player Y win the 2026-27 NBA Rookie of the Year?,0.5,True,0.0,1.0,2027-05-31T23:59:00Z
630058,NBA: 2026-27 Rookie of the Year,7861870.490012,429011.90682,81,2668856,Will Player Z win the 2026-27 NBA Rookie of the Year?,0.5,True,0.0,1.0,2027-05-31T23:59:00Z
630058,NBA: 2026-27 Rookie of the Year,7861870.490012,429011.90682,81,2668859,Will Player AA win the 2026-27 NBA Rookie of the Year?,0.5,True,0.0,1.0,2027-05-31T23:59:00Z
630058,NBA: 2026-27 Rookie of the Year,7861870.490012,429011.90682,81,2668862,Will Player AB win the 2026-27 NBA Rookie of the Year?,0.5,True,0.0,1.0,2027-05-31T23:59:00Z
630058,NBA: 2026-27 Rookie of the Year,7861870.490012,429011.90682,81,2668864,Will Player AC win the 2026-27 NBA Rookie of the Year?,0.5,True,0.0,1.0,2027-05-31T23:59:00Z
630058,NBA: 2026-27 Rookie of the Year,7861870.490012,429011.90682,81,2668865,Will Player AD win the 2026-27 NBA Rookie of the Year?,0.5,True,0.0,1.0,2027-05-31T23:59:00Z
630058,NBA: 2026-27 Rookie of the Year,7861870.490012,429011.90682,81,2668866,Will Player AE win the 2026-27 NBA Rookie of the Year?,0.5,True,0.0,1.0,2027-05-31T23:59:00Z
630058,NBA: 2026-27 Rookie of the Year,7861870.490012,429011.90682,81,2668867,Will Player AF win the 2026-27 NBA Rookie of the Year?,0.5,True,0.0,1.0,2027-05-31T23:59:00Z
630058,NBA: 2026-27 Rookie of the Year,7861870.490012,429011.90682,81,2668872,Will Player AG win the 2026-27 NBA Rookie of the Year?,0.5,True,0.0,1.0,2027-05-31T23:59:00Z
630058,NBA: 2026-27 Rookie of the Year,7861870.490012,429011.90682,81,2668873,Will Player AH win the 2026-27 NBA Rookie of the Year?,0.5,True,0.0,1.0,2027-05-31T23:59:00Z
630058,NBA: 2026-27 Rookie of the Year,7861870.490012,429011.90682,81,2668874,Will Player AI win the 2026-27 NBA Rookie of the Year?,0.5,True,0.0,1.0,2027-05-31T23:59:00Z
630058,NBA: 2026-27 Rookie of the Year,7861870.490012,429011.90682,81,2668875,Will Player AJ win the 2026-27 NBA Rookie of the Year?,0.5,True,0.0,1.0,2027-05-31T23:59:00Z
630058,NBA: 2026-27 Rookie of the Year,7861870.490012,429011.90682,81,2668876,Will Player AK win the 2026-27 NBA Rookie of the Year?,0.5,True,0.0,1.0,2027-05-31T23:59:00Z
630058,NBA: 2026-27 Rookie of the Year,7861870.490012,429011.90682,81,2668877,Will Player AL win the 2026-27 NBA Rookie of the Year?,0.5,True,0.0,1.0,2027-05-31T23:59:00Z
630058,NBA: 2026-27 Rookie of the Year,7861870.490012,429011.90682,81,2668878,Will Player AM win the 2026-27 NBA Rookie of the Year?,0.5,True,0.0,1.0,2027-05-31T23:59:00Z
630058,NBA: 2026-27 Rookie of the Year,7861870.490012,429011.90682,81,2668879,Will Player AN win the 2026-27 NBA Rookie of the Year?,0.5,True,0.0,1.0,2027-05-31T23:59:00Z
630058,NBA: 2026-27 Rookie of the Year,7861870.490012,429011.90682,81,2668880,Will Player AO win the 2026-27 NBA Rookie of the Year?,0.5,True,0.0,1.0,2027-05-31T23:59:00Z
630058,NBA: 2026-27 Rookie of the Year,7861870.490012,429011.90682,81,2668881,Will Player AP win the 2026-27 NBA Rookie of the Year?,0.5,True,0.0,1.0,2027-05-31T23:59:00Z
630058,NBA: 2026-27 Rookie of the Year,7861870.490012,429011.90682,81,2668882,Will Player AQ win the 2026-27 NBA Rookie of the Year?,0.5,True,0.0,1.0,2027-05-31T23:59:00Z
630058,NBA: 2026-27 Rookie of the Year,7861870.490012,429011.90682,81,2668883,Will Player AR win the 2026-27 NBA Rookie of the Year?,0.5,True,0.0,1.0,2027-05-31T23:59:00Z
630058,NBA: 2026-27 Rookie of the Year,7861870.490012,429011.90682,81,2668884,Will Player AS win the 2026-27 NBA Rookie of the Year?,0.5,True,0.0,1.0,2027-05-31T23:59:00Z
630058,NBA: 2026-27 Rookie of the Year,7861870.490012,429011.90682,81,2668885,Will Player AT win the 2026-27 NBA Rookie of the Year?,0.5,True,0.0,1.0,2027-05-31T23:59:00Z
630058,NBA: 2026-27 Rookie of the Year,7861870.490012,429011.90682,81,2668886,Will Player AU win the 2026-27 NBA Rookie of the Year?,0.5,True,0.0,1.0,2027-05-31T23:59:00Z
630058,NBA: 2026-27 Rookie of the Year,7861870.490012,429011.90682,81,2668887,Will Player AV win the 2026-27 NBA Rookie of the Year?,0.5,True,0.0,1.0,2027-05-31T23:59:00Z
630058,NBA: 2026-27 Rookie of the Year,7861870.490012,429011.90682,81,2668888,Will Player AW win the 2026-27 NBA Rookie of the Year?,0.5,True,0.0,1.0,2027-05-31T23:59:00Z
630058,NBA: 2026-27 Rookie of the Year,7861870.490012,429011.90682,81,2668889,Will Player AX win the 2026-27 NBA Rookie of the Year?,0.5,True,0.0,1.0,2027-05-31T23:59:00Z
630058,NBA: 2026-27 Rookie of the Year,7861870.490012,429011.90682,81,2668890,Will another player win the 2026-27 NBA Rookie of the Year?,0.5,True,0.0,1.0,2027-05-31T23:59:00Z
79926,How many different countries will Israel strike in 2026?,7393487.313833998,356739.71668,16,678743,Will Israel strike 0 countries in 2026?,0.0,False,,0.001,2026-12-31T00:00:00Z
79926,How many different countries will Israel strike in 2026?,7393487.313833998,356739.71668,16,678744,Will Israel strike 1 country in 2026?,0.0,False,,0.001,2026-12-31T00:00:00Z
79926,How many different countries will Israel strike in 2026?,7393487.313833998,356739.71668,16,678745,Will Israel strike 2 countries in 2026?,0.0,False,,0.001,2026-12-31T00:00:00Z
79926,How many different countries will Israel strike in 2026?,7393487.313833998,356739.71668,16,678746,Will Israel strike 3 countries in 2026?,0.0,False,,0.001,2026-12-31T00:00:00Z
79926,How many different countries will Israel strike in 2026?,7393487.313833998,356739.71668,16,678747,Will Israel strike 4 countries in 2026?,0.761,True,0.759,0.763,2026-12-31T00:00:00Z
79926,How many different countries will Israel strike in 2026?,7393487.313833998,356739.71668,16,678748,Will Israel strike 5 countries in 2026?,0.158,True,0.136,0.18,2026-12-31T00:00:00Z
79926,How many different countries will Israel strike in 2026?,7393487.313833998,356739.71668,16,678749,Will Israel strike 6 countries in 2026?,0.05,True,0.028,0.072,2026-12-31T00:00:00Z
79926,How many different countries will Israel strike in 2026?,7393487.313833998,356739.71668,16,678750,Will Israel strike 7 countries in 2026?,0.007,True,0.005,0.009,2026-12-31T00:00:00Z
79926,How many different countries will Israel strike in 2026?,7393487.313833998,356739.71668,16,678751,Will Israel strike 8 countries in 2026?,0.0095,True,0.007,0.012,2026-12-31T00:00:00Z
79926,How many different countries will Israel strike in 2026?,7393487.313833998,356739.71668,16,678752,Will Israel strike 9 countries in 2026?,0.0025,True,0.002,0.003,2026-12-31T00:00:00Z
79926,How many different countries will Israel strike in 2026?,7393487.313833998,356739.71668,16,678753,Will Israel strike 10 countries in 2026?,0.004,True,0.002,0.006,2026-12-31T00:00:00Z
79926,How many different countries will Israel strike in 2026?,7393487.313833998,356739.71668,16,678754,Will Israel strike 11 countries in 2026?,0.0015,True,0.001,0.002,2026-12-31T00:00:00Z
79926,How many different countries will Israel strike in 2026?,7393487.313833998,356739.71668,16,678755,Will Israel strike 12 countries in 2026?,0.003,True,0.002,0.004,2026-12-31T00:00:00Z
79926,How many different countries will Israel strike in 2026?,7393487.313833998,356739.71668,16,678756,Will Israel strike 13 countries in 2026?,0.0005,True,,0.001,2026-12-31T00:00:00Z
79926,How many different countries will Israel strike in 2026?,7393487.313833998,356739.71668,16,678757,Will Israel strike 14 countries in 2026?,0.0005,True,,0.001,2026-12-31T00:00:00Z
79926,How many different countries will Israel strike in 2026?,7393487.313833998,356739.71668,16,678758,Will Israel strike 15 or more countries in 2026?,0.0015,True,0.001,0.002,2026-12-31T00:00:00Z
139255,2026 Women’s US Open Winner (Tennis),6914025.6088849995,1124245.53689,67,1088652,Will Aryna Sabalenka win the 2026 Women’s US Open?,0.215,True,0.21,0.22,2026-09-13T00:00:00Z
139255,2026 Women’s US Open Winner (Tennis),6914025.6088849995,1124245.53689,67,1088653,Will Iga Swiatek win the 2026 Women’s US Open?,0.16,True,0.15,0.17,2026-09-13T00:00:00Z
139255,2026 Women’s US Open Winner (Tennis),6914025.6088849995,1124245.53689,67,1088654,Will Coco Gauff win the 2026 Women’s US Open?,0.1105,True,0.104,0.117,2026-09-13T00:00:00Z
139255,2026 Women’s US Open Winner (Tennis),6914025.6088849995,1124245.53689,67,1088655,Will Mirra Andreeva win the 2026 Women’s US Open?,0.0645,True,0.062,0.067,2026-09-13T00:00:00Z
139255,2026 Women’s US Open Winner (Tennis),6914025.6088849995,1124245.53689,67,1088656,Will Elena Rybakina win the 2026 Women’s US Open?,0.0305,True,0.027,0.034,2026-09-13T00:00:00Z
139255,2026 Women’s US Open Winner (Tennis),6914025.6088849995,1124245.53689,67,1088657,Will Amanda Anisimova win the 2026 Women’s US Open?,0.0155,True,0.005,0.026,2026-09-13T00:00:00Z
139255,2026 Women’s US Open Winner (Tennis),6914025.6088849995,1124245.53689,67,1088658,Will Naomi Osaka win the 2026 Women’s US Open?,0.072,True,0.07,0.074,2026-09-13T00:00:00Z
139255,2026 Women’s US Open Winner (Tennis),6914025.6088849995,1124245.53689,67,1088659,Will Qinwen Zheng win the 2026 Women’s US Open?,0.005,True,0.004,0.006,2026-09-13T00:00:00Z
139255,2026 Women’s US Open Winner (Tennis),6914025.6088849995,1124245.53689,67,1088660,Will Madison Keys win the 2026 Women’s US Open?,0.0115,True,0.011,0.012,2026-09-13T00:00:00Z
139255,2026 Women’s US Open Winner (Tennis),6914025.6088849995,1124245.53689,67,1088661,Will Jessica Pegula win the 2026 Women’s US Open?,0.046,True,0.043,0.049,2026-09-13T00:00:00Z
139255,2026 Women’s US Open Winner (Tennis),6914025.6088849995,1124245.53689,67,1088662,Will Barbora Krejcikova win the 2026 Women’s US Open?,0.01,True,0.008,0.012,2026-09-13T00:00:00Z
139255,2026 Women’s US Open Winner (Tennis),6914025.6088849995,1124245.53689,67,1088663,Will Karolina Muchova win the 2026 Women’s US Open?,0.0225,True,0.022,0.023,2026-09-13T00:00:00Z
139255,2026 Women’s US Open Winner (Tennis),6914025.6088849995,1124245.53689,67,1088664,Will Marketa Vondrousova win the 2026 Women’s US Open?,0.0005,True,,0.001,2026-09-13T00:00:00Z
139255,2026 Women’s US Open Winner (Tennis),6914025.6088849995,1124245.53689,67,1088665,Will Victoria Mboko win the 2026 Women’s US Open?,0.0005,True,,0.001,2026-09-13T00:00:00Z
139255,2026 Women’s US Open Winner (Tennis),6914025.6088849995,1124245.53689,67,1088666,Will Emma Navarro win the 2026 Women’s US Open?,0.006,True,0.005,0.007,2026-09-13T00:00:00Z
139255,2026 Women’s US Open Winner (Tennis),6914025.6088849995,1124245.53689,67,1088667,Will Clara Tauson win the 2026 Women’s US Open?,0.0025,True,0.002,0.003,2026-09-13T00:00:00Z
139255,2026 Women’s US Open Winner (Tennis),6914025.6088849995,1124245.53689,67,1088668,Will Belinda Bencic win the 2026 Women’s US Open?,0.0065,True,0.005,0.008,2026-09-13T00:00:00Z
139255,2026 Women’s US Open Winner (Tennis),6914025.6088849995,1124245.53689,67,1088669,Will Emma Raducanu win the 2026 Women’s US Open?,0.0005,True,,0.001,2026-09-13T00:00:00Z
139255,2026 Women’s US Open Winner (Tennis),6914025.6088849995,1124245.53689,67,1088670,Will Linda Noskova win the 2026 Women’s US Open?,0.028,True,0.027,0.029,2026-09-13T00:00:00Z
139255,2026 Women’s US Open Winner (Tennis),6914025.6088849995,1124245.53689,67,1088671,Will Jasmine Paolini win the 2026 Women’s US Open?,0.0055,True,0.004,0.007,2026-09-13T00:00:00Z
139255,2026 Women’s US Open Winner (Tennis),6914025.6088849995,1124245.53689,67,1088672,Will Paula Badosa win the 2026 Women’s US Open?,0.003,True,0.002,0.004,2026-09-13T00:00:00Z
139255,2026 Women’s US Open Winner (Tennis),6914025.6088849995,1124245.53689,67,1088673,Will Maya Joint win the 2026 Women’s US Open?,0.0015,True,0.001,0.002,2026-09-13T00:00:00Z
139255,2026 Women’s US Open Winner (Tennis),6914025.6088849995,1124245.53689,67,1088674,Will Diana Shnaider win the 2026 Women’s US Open?,0.0085,True,0.008,0.009,2026-09-13T00:00:00Z
139255,2026 Women’s US Open Winner (Tennis),6914025.6088849995,1124245.53689,67,1088675,Will Ekaterina Alexandrova win the 2026 Women’s US Open?,0.006,True,0.005,0.007,2026-09-13T00:00:00Z
139255,2026 Women’s US Open Winner (Tennis),6914025.6088849995,1124245.53689,67,1088676,Will Jelena Ostapenko win the 2026 Women’s US Open?,0.0035,True,0.003,0.004,2026-09-13T00:00:00Z
139255,2026 Women’s US Open Winner (Tennis),6914025.6088849995,1124245.53689,67,1088677,Will Daria Kasatkina win the 2026 Women’s US Open?,0.0005,True,,0.001,2026-09-13T00:00:00Z
139255,2026 Women’s US Open Winner (Tennis),6914025.6088849995,1124245.53689,67,1088678,Will Elina Svitolina win the 2026 Women’s US Open?,0.015,True,0.013,0.017,2026-09-13T00:00:00Z
139255,2026 Women’s US Open Winner (Tennis),6914025.6088849995,1124245.53689,67,1088679,Will Tereza Valentova win the 2026 Women’s US Open?,0.0045,True,0.004,0.005,2026-09-13T00:00:00Z
139255,2026 Women’s US Open Winner (Tennis),6914025.6088849995,1124245.53689,67,1088680,Will Anastasia Potapova win the 2026 Women’s US Open?,0.0035,True,0.003,0.004,2026-09-13T00:00:00Z
139255,2026 Women’s US Open Winner (Tennis),6914025.6088849995,1124245.53689,67,1088681,Will Donna Vekic win the 2026 Women’s US Open?,0.0025,True,0.001,0.004,2026-09-13T00:00:00Z
139255,2026 Women’s US Open Winner (Tennis),6914025.6088849995,1124245.53689,67,1088682,Will Dayana Yastremska win the 2026 Women’s US Open?,0.0015,True,0.001,0.002,2026-09-13T00:00:00Z
139255,2026 Women’s US Open Winner (Tennis),6914025.6088849995,1124245.53689,67,1088683,Will Liudmila Samsonova win the 2026 Women’s US Open?,0.005,True,0.004,0.006,2026-09-13T00:00:00Z
139255,2026 Women’s US Open Winner (Tennis),6914025.6088849995,1124245.53689,67,1088684,Will Xiyu Wang win the 2026 Women’s US Open?,0.0015,True,0.001,0.002,2026-09-13T00:00:00Z
139255,2026 Women’s US Open Winner (Tennis),6914025.6088849995,1124245.53689,67,1088685,Will Ashlyn Krueger win the 2026 Women’s US Open?,0.0015,True,0.001,0.002,2026-09-13T00:00:00Z
139255,2026 Women’s US Open Winner (Tennis),6914025.6088849995,1124245.53689,67,1088686,Will Marie Bouzkova win the 2026 Women’s US Open?,0.004,True,0.003,0.005,2026-09-13T00:00:00Z
139255,2026 Women’s US Open Winner (Tennis),6914025.6088849995,1124245.53689,67,1088687,Will Alexandra Eala win the 2026 Women’s US Open?,0.0325,True,0.028,0.037,2026-09-13T00:00:00Z
139255,2026 Women’s US Open Winner (Tennis),6914025.6088849995,1124245.53689,67,1088688,Will Beatriz Haddad Maia win the 2026 Women’s US Open?,0.0005,True,,0.001,2026-09-13T00:00:00Z
139255,2026 Women’s US Open Winner (Tennis),6914025.6088849995,1124245.53689,67,1088689,Will Elise Mertens win the 2026 Women’s US Open?,0.006,True,0.005,0.007,2026-09-13T00:00:00Z
139255,2026 Women’s US Open Winner (Tennis),6914025.6088849995,1124245.53689,67,1088690,Will Sofia Kenin win the 2026 Women’s US Open?,0.0015,True,0.001,0.002,2026-09-13T00:00:00Z
139255,2026 Women’s US Open Winner (Tennis),6914025.6088849995,1124245.53689,67,1088691,Will Katie Boulter win the 2026 Women’s US Open?,0.0015,True,0.001,0.002,2026-09-13T00:00:00Z
139255,2026 Women’s US Open Winner (Tennis),6914025.6088849995,1124245.53689,67,1088692,Will Other win the 2026 Women’s US Open?,,False,0.0,1.0,2026-09-13T00:00:00Z
139255,2026 Women’s US Open Winner (Tennis),6914025.6088849995,1124245.53689,67,1088693,Will Player A win the 2026 Women’s US Open?,,False,0.0,1.0,2026-09-13T00:00:00Z
139255,2026 Women’s US Open Winner (Tennis),6914025.6088849995,1124245.53689,67,1088694,Will Player B win the 2026 Women’s US Open?,,False,0.0,1.0,2026-09-13T00:00:00Z
139255,2026 Women’s US Open Winner (Tennis),6914025.6088849995,1124245.53689,67,1088695,Will Player C win the 2026 Women’s US Open?,,False,0.0,1.0,2026-09-13T00:00:00Z
139255,2026 Women’s US Open Winner (Tennis),6914025.6088849995,1124245.53689,67,1088696,Will Player D win the 2026 Women’s US Open?,,False,0.0,1.0,2026-09-13T00:00:00Z
139255,2026 Women’s US Open Winner (Tennis),6914025.6088849995,1124245.53689,67,1088697,Will Player E win the 2026 Women’s US Open?,,False,0.0,1.0,2026-09-13T00:00:00Z
139255,2026 Women’s US Open Winner (Tennis),6914025.6088849995,1124245.53689,67,1088698,Will Player F win the 2026 Women’s US Open?,,False,0.0,1.0,2026-09-13T00:00:00Z
139255,2026 Women’s US Open Winner (Tennis),6914025.6088849995,1124245.53689,67,1088699,Will Player G win the 2026 Women’s US Open?,,False,0.0,1.0,2026-09-13T00:00:00Z
139255,2026 Women’s US Open Winner (Tennis),6914025.6088849995,1124245.53689,67,1088700,Will Player H win the 2026 Women’s US Open?,,False,0.0,1.0,2026-09-13T00:00:00Z
139255,2026 Women’s US Open Winner (Tennis),6914025.6088849995,1124245.53689,67,1088701,Will Player I win the 2026 Women’s US Open?,,False,0.0,1.0,2026-09-13T00:00:00Z
139255,2026 Women’s US Open Winner (Tennis),6914025.6088849995,1124245.53689,67,1088702,Will Player J win the 2026 Women’s US Open?,,False,0.0,1.0,2026-09-13T00:00:00Z
139255,2026 Women’s US Open Winner (Tennis),6914025.6088849995,1124245.53689,67,1088703,Will Player K win the 2026 Women’s US Open?,,False,0.0,1.0,2026-09-13T00:00:00Z
139255,2026 Women’s US Open Winner (Tennis),6914025.6088849995,1124245.53689,67,1088704,Will Player L win the 2026 Women’s US Open?,,False,0.0,1.0,2026-09-13T00:00:00Z
139255,2026 Women’s US Open Winner (Tennis),6914025.6088849995,1124245.53689,67,1088705,Will Player M win the 2026 Women’s US Open?,,False,0.0,1.0,2026-09-13T00:00:00Z
139255,2026 Women’s US Open Winner (Tennis),6914025.6088849995,1124245.53689,67,1088706,Will Player N win the 2026 Women’s US Open?,,False,0.0,1.0,2026-09-13T00:00:00Z
139255,2026 Women’s US Open Winner (Tennis),6914025.6088849995,1124245.53689,67,1088707,Will Player O win the 2026 Women’s US Open?,,False,0.0,1.0,2026-09-13T00:00:00Z
139255,2026 Women’s US Open Winner (Tennis),6914025.6088849995,1124245.53689,67,1088708,Will Player P win the 2026 Women’s US Open?,,False,0.0,1.0,2026-09-13T00:00:00Z
139255,2026 Women’s US Open Winner (Tennis),6914025.6088849995,1124245.53689,67,1088709,Will Player Q win the 2026 Women’s US Open?,,False,0.0,1.0,2026-09-13T00:00:00Z
139255,2026 Women’s US Open Winner (Tennis),6914025.6088849995,1124245.53689,67,1088710,Will Player R win the 2026 Women’s US Open?,,False,0.0,1.0,2026-09-13T00:00:00Z
139255,2026 Women’s US Open Winner (Tennis),6914025.6088849995,1124245.53689,67,1088711,Will Player S win the 2026 Women’s US Open?,,False,0.0,1.0,2026-09-13T00:00:00Z
139255,2026 Women’s US Open Winner (Tennis),6914025.6088849995,1124245.53689,67,1088712,Will Player T win the 2026 Women’s US Open?,,False,0.0,1.0,2026-09-13T00:00:00Z
139255,2026 Women’s US Open Winner (Tennis),6914025.6088849995,1124245.53689,67,1088713,Will Player U win the 2026 Women’s US Open?,,False,0.0,1.0,2026-09-13T00:00:00Z
139255,2026 Women’s US Open Winner (Tennis),6914025.6088849995,1124245.53689,67,1088714,Will Player V win the 2026 Women’s US Open?,,False,0.0,1.0,2026-09-13T00:00:00Z
139255,2026 Women’s US Open Winner (Tennis),6914025.6088849995,1124245.53689,67,1088715,Will Player W win the 2026 Women’s US Open?,,False,0.0,1.0,2026-09-13T00:00:00Z
139255,2026 Women’s US Open Winner (Tennis),6914025.6088849995,1124245.53689,67,1088716,Will Player X win the 2026 Women’s US Open?,,False,0.0,1.0,2026-09-13T00:00:00Z
139255,2026 Women’s US Open Winner (Tennis),6914025.6088849995,1124245.53689,67,1088717,Will Player Y win the 2026 Women’s US Open?,,False,0.0,1.0,2026-09-13T00:00:00Z
139255,2026 Women’s US Open Winner (Tennis),6914025.6088849995,1124245.53689,67,1088718,Will Player Z win the 2026 Women’s US Open?,,False,0.0,1.0,2026-09-13T00:00:00Z
159954,What will the Fed rate be at the end of 2026?,6768863.027904999,240347.14446,15,1168133,Will the upper bound of the target federal funds rate be 2.25% at the end of 2026?,0.0045,True,0.004,0.005,2026-12-09T00:00:00Z
159954,What will the Fed rate be at the end of 2026?,6768863.027904999,240347.14446,15,1168134,Will the upper bound of the target federal funds rate be 2.5% at the end of 2026?,0.0055,True,0.005,0.006,2026-12-09T00:00:00Z
159954,What will the Fed rate be at the end of 2026?,6768863.027904999,240347.14446,15,1168135,Will the upper bound of the target federal funds rate be 2.75% at the end of 2026?,0.0065,True,0.006,0.007,2026-12-09T00:00:00Z
159954,What will the Fed rate be at the end of 2026?,6768863.027904999,240347.14446,15,1168136,Will the upper bound of the target federal funds rate be 3.0% at the end of 2026?,0.0125,True,0.012,0.013,2026-12-09T00:00:00Z
159954,What will the Fed rate be at the end of 2026?,6768863.027904999,240347.14446,15,1168137,Will the upper bound of the target federal funds rate be 3.25% at the end of 2026?,0.014,True,0.012,0.016,2026-12-09T00:00:00Z
159954,What will the Fed rate be at the end of 2026?,6768863.027904999,240347.14446,15,1168138,Will the upper bound of the target federal funds rate be 3.5% at the end of 2026?,0.0775,True,0.075,0.08,2026-12-09T00:00:00Z
159954,What will the Fed rate be at the end of 2026?,6768863.027904999,240347.14446,15,1168139,Will the upper bound of the target federal funds rate be 3.75% at the end of 2026?,0.4115,True,0.376,0.447,2026-12-09T00:00:00Z
159954,What will the Fed rate be at the end of 2026?,6768863.027904999,240347.14446,15,1168140,Will the upper bound of the target federal funds rate be 4.0% at the end of 2026?,0.3225,True,0.307,0.338,2026-12-09T00:00:00Z
159954,What will the Fed rate be at the end of 2026?,6768863.027904999,240347.14446,15,1168141,Will the upper bound of the target federal funds rate be 4.25% at the end of 2026?,0.132,True,0.121,0.143,2026-12-09T00:00:00Z
159954,What will the Fed rate be at the end of 2026?,6768863.027904999,240347.14446,15,1168142,Will the upper bound of the target federal funds rate be ≥ 4.5% at the end of 2026?,0.046,True,0.044,0.048,2026-12-09T00:00:00Z
159954,What will the Fed rate be at the end of 2026?,6768863.027904999,240347.14446,15,1168832,Will the upper bound of the target federal funds rate be ≤1.0% at the end of 2026?,0.0045,True,0.004,0.005,2026-12-09T00:00:00Z
159954,What will the Fed rate be at the end of 2026?,6768863.027904999,240347.14446,15,1168833,Will the upper bound of the target federal funds rate be 1.25% at the end of 2026?,0.0055,True,0.005,0.006,2026-12-09T00:00:00Z
159954,What will the Fed rate be at the end of 2026?,6768863.027904999,240347.14446,15,1168834,Will the upper bound of the target federal funds rate be 1.5% at the end of 2026?,0.0045,True,0.004,0.005,2026-12-09T00:00:00Z
159954,What will the Fed rate be at the end of 2026?,6768863.027904999,240347.14446,15,1168843,Will the upper bound of the target federal funds rate be 1.75% at the end of 2026?,0.0045,True,0.004,0.005,2026-12-09T00:00:00Z
159954,What will the Fed rate be at the end of 2026?,6768863.027904999,240347.14446,15,1168844,Will the upper bound of the target federal funds rate be 2.0% at the end of 2026?,0.0045,True,0.004,0.005,2026-12-09T00:00:00Z
203710,Where will Maxx Crosby play in 2026?,6348018.734019998,39472.15985,33,1361010,Will Maxx Crosby play for Arizona Cardinals next?,0.0005,True,,0.001,2026-09-01T00:00:00Z
203710,Where will Maxx Crosby play in 2026?,6348018.734019998,39472.15985,33,1361011,Will Maxx Crosby play for Atlanta Falcons next?,0.0005,True,,0.001,2026-09-01T00:00:00Z
203710,Where will Maxx Crosby play in 2026?,6348018.734019998,39472.15985,33,1361012,Will Maxx Crosby play for Baltimore Ravens next?,0.0005,True,,0.001,2026-09-01T00:00:00Z
203710,Where will Maxx Crosby play in 2026?,6348018.734019998,39472.15985,33,1361013,Will Maxx Crosby play for Buffalo Bills next?,0.0005,True,,0.001,2026-09-01T00:00:00Z
203710,Where will Maxx Crosby play in 2026?,6348018.734019998,39472.15985,33,1361014,Will Maxx Crosby play for Carolina Panthers next?,0.0005,True,,0.001,2026-09-01T00:00:00Z
203710,Where will Maxx Crosby play in 2026?,6348018.734019998,39472.15985,33,1361015,Will Maxx Crosby play for Chicago Bears next?,0.0015,True,0.001,0.002,2026-09-01T00:00:00Z
203710,Where will Maxx Crosby play in 2026?,6348018.734019998,39472.15985,33,1361016,Will Maxx Crosby play for Cincinnati Bengals next?,0.0005,True,,0.001,2026-09-01T00:00:00Z
203710,Where will Maxx Crosby play in 2026?,6348018.734019998,39472.15985,33,1361017,Will Maxx Crosby play for Cleveland Browns next?,0.0005,True,,0.001,2026-09-01T00:00:00Z
203710,Where will Maxx Crosby play in 2026?,6348018.734019998,39472.15985,33,1361018,Will Maxx Crosby play for Dallas Cowboys next?,0.0565,True,0.02,0.093,2026-09-01T00:00:00Z
203710,Where will Maxx Crosby play in 2026?,6348018.734019998,39472.15985,33,1361019,Will Maxx Crosby play for Denver Broncos next?,0.0005,True,,0.001,2026-09-01T00:00:00Z
203710,Where will Maxx Crosby play in 2026?,6348018.734019998,39472.15985,33,1361020,Will Maxx Crosby play for Detroit Lions next?,0.0015,True,0.001,0.002,2026-09-01T00:00:00Z
203710,Where will Maxx Crosby play in 2026?,6348018.734019998,39472.15985,33,1361021,Will Maxx Crosby play for Green Bay Packers next?,0.0005,True,,0.001,2026-09-01T00:00:00Z
203710,Where will Maxx Crosby play in 2026?,6348018.734019998,39472.15985,33,1361022,Will Maxx Crosby play for Houston Texans next?,0.0005,True,,0.001,2026-09-01T00:00:00Z
203710,Where will Maxx Crosby play in 2026?,6348018.734019998,39472.15985,33,1361023,Will Maxx Crosby play for Indianapolis Colts next?,0.0015,True,0.001,0.002,2026-09-01T00:00:00Z
203710,Where will Maxx Crosby play in 2026?,6348018.734019998,39472.15985,33,1361024,Will Maxx Crosby play for Jacksonville Jaguars next?,0.0045,True,0.004,0.005,2026-09-01T00:00:00Z
203710,Where will Maxx Crosby play in 2026?,6348018.734019998,39472.15985,33,1361025,Will Maxx Crosby play for Kansas City Chiefs next?,0.0005,True,,0.001,2026-09-01T00:00:00Z
203710,Where will Maxx Crosby play in 2026?,6348018.734019998,39472.15985,33,1361026,Will Maxx Crosby play for Las Vegas Raiders next?,0.91,True,0.9,0.92,2026-09-01T00:00:00Z
203710,Where will Maxx Crosby play in 2026?,6348018.734019998,39472.15985,33,1361027,Will Maxx Crosby play for Los Angeles Chargers next?,0.0005,True,,0.001,2026-09-01T00:00:00Z
203710,Where will Maxx Crosby play in 2026?,6348018.734019998,39472.15985,33,1361028,Will Maxx Crosby play for Los Angeles Rams next?,0.0015,True,0.001,0.002,2026-09-01T00:00:00Z
203710,Where will Maxx Crosby play in 2026?,6348018.734019998,39472.15985,33,1361029,Will Maxx Crosby play for Miami Dolphins next?,0.0005,True,,0.001,2026-09-01T00:00:00Z
203710,Where will Maxx Crosby play in 2026?,6348018.734019998,39472.15985,33,1361030,Will Maxx Crosby play for Minnesota Vikings next?,0.0015,True,0.001,0.002,2026-09-01T00:00:00Z
203710,Where will Maxx Crosby play in 2026?,6348018.734019998,39472.15985,33,1361031,Will Maxx Crosby play for New England Patriots next?,0.0005,True,,0.001,2026-09-01T00:00:00Z
203710,Where will Maxx Crosby play in 2026?,6348018.734019998,39472.15985,33,1361032,Will Maxx Crosby play for New Orleans Saints next?,0.0005,True,,0.001,2026-09-01T00:00:00Z
203710,Where will Maxx Crosby play in 2026?,6348018.734019998,39472.15985,33,1361033,Will Maxx Crosby play for New York Giants next?,0.0005,True,,0.001,2026-09-01T00:00:00Z
203710,Where will Maxx Crosby play in 2026?,6348018.734019998,39472.15985,33,1361034,Will Maxx Crosby play for New York Jets next?,0.0035,True,0.003,0.004,2026-09-01T00:00:00Z
203710,Where will Maxx Crosby play in 2026?,6348018.734019998,39472.15985,33,1361035,Will Maxx Crosby play for Philadelphia Eagles next?,0.003,True,0.001,0.005,2026-09-01T00:00:00Z
203710,Where will Maxx Crosby play in 2026?,6348018.734019998,39472.15985,33,1361036,Will Maxx Crosby play for Pittsburgh Steelers next?,0.0005,True,,0.001,2026-09-01T00:00:00Z
203710,Where will Maxx Crosby play in 2026?,6348018.734019998,39472.15985,33,1361037,Will Maxx Crosby play for San Francisco 49ers next?,0.022,True,0.003,0.041,2026-09-01T00:00:00Z
203710,Where will Maxx Crosby play in 2026?,6348018.734019998,39472.15985,33,1361038,Will Maxx Crosby play for Seattle Seahawks next?,0.0005,True,,0.001,2026-09-01T00:00:00Z
203710,Where will Maxx Crosby play in 2026?,6348018.734019998,39472.15985,33,1361039,Will Maxx Crosby play for Tampa Bay Buccaneers next?,0.0005,True,,0.001,2026-09-01T00:00:00Z
203710,Where will Maxx Crosby play in 2026?,6348018.734019998,39472.15985,33,1361040,Will Maxx Crosby play for Tennessee Titans next?,0.0015,True,0.001,0.002,2026-09-01T00:00:00Z
203710,Where will Maxx Crosby play in 2026?,6348018.734019998,39472.15985,33,1361041,Will Maxx Crosby play for Washington Commanders next?,0.0005,True,,0.001,2026-09-01T00:00:00Z
203710,Where will Maxx Crosby play in 2026?,6348018.734019998,39472.15985,33,1361042,Will Maxx Crosby play for another team next?,,False,0.0,1.0,2026-09-01T00:00:00Z
203716,Pro Football: 2027 NFC Champion ,6279424.024997001,1596456.72809,17,1361054,Will Dallas Cowboys win the 2027 NFL NFC Championship?,0.0605,True,0.059,0.062,2027-01-25T00:00:00Z
203716,Pro Football: 2027 NFC Champion ,6279424.024997001,1596456.72809,17,1361055,Will New York Giants win the 2027 NFL NFC Championship?,0.0255,True,0.018,0.033,2027-01-25T00:00:00Z
203716,Pro Football: 2027 NFC Champion ,6279424.024997001,1596456.72809,17,1361056,Will Philadelphia Eagles win the 2027 NFL NFC Championship?,0.0755,True,0.075,0.076,2027-01-25T00:00:00Z
203716,Pro Football: 2027 NFC Champion ,6279424.024997001,1596456.72809,17,1361057,Will Washington Commanders win the 2027 NFL NFC Championship?,0.0225,True,0.021,0.024,2027-01-25T00:00:00Z
203716,Pro Football: 2027 NFC Champion ,6279424.024997001,1596456.72809,17,1361058,Will Chicago Bears win the 2027 NFL NFC Championship?,0.055,True,0.05,0.06,2027-01-25T00:00:00Z
203716,Pro Football: 2027 NFC Champion ,6279424.024997001,1596456.72809,17,1361059,Will Detroit Lions win the 2027 NFL NFC Championship?,0.0875,True,0.087,0.088,2027-01-25T00:00:00Z
203716,Pro Football: 2027 NFC Champion ,6279424.024997001,1596456.72809,17,1361060,Will Green Bay Packers win the 2027 NFL NFC Championship?,0.07,True,0.06,0.08,2027-01-25T00:00:00Z
203716,Pro Football: 2027 NFC Champion ,6279424.024997001,1596456.72809,17,1361061,Will Minnesota Vikings win the 2027 NFL NFC Championship?,0.029,True,0.028,0.03,2027-01-25T00:00:00Z
203716,Pro Football: 2027 NFC Champion ,6279424.024997001,1596456.72809,17,1361062,Will Atlanta Falcons win the 2027 NFL NFC Championship?,0.0075,True,0.007,0.008,2027-01-25T00:00:00Z
203716,Pro Football: 2027 NFC Champion ,6279424.024997001,1596456.72809,17,1361063,Will Carolina Panthers win the 2027 NFL NFC Championship?,0.031,True,0.024,0.038,2027-01-25T00:00:00Z
203716,Pro Football: 2027 NFC Champion ,6279424.024997001,1596456.72809,17,1361064,Will New Orleans Saints win the 2027 NFL NFC Championship?,0.0145,True,0.014,0.015,2027-01-25T00:00:00Z
203716,Pro Football: 2027 NFC Champion ,6279424.024997001,1596456.72809,17,1361065,Will Tampa Bay Buccaneers win the 2027 NFL NFC Championship?,0.0315,True,0.031,0.032,2027-01-25T00:00:00Z
203716,Pro Football: 2027 NFC Champion ,6279424.024997001,1596456.72809,17,1361066,Will Arizona Cardinals win the 2027 NFL NFC Championship?,0.0065,True,0.005,0.008,2027-01-25T00:00:00Z
203716,Pro Football: 2027 NFC Champion ,6279424.024997001,1596456.72809,17,1361067,Will Los Angeles Rams win the 2027 NFL NFC Championship?,0.235,True,0.23,0.24,2027-01-25T00:00:00Z
203716,Pro Football: 2027 NFC Champion ,6279424.024997001,1596456.72809,17,1361068,Will San Francisco 49ers win the 2027 NFL NFC Championship?,0.075,True,0.07,0.08,2027-01-25T00:00:00Z
203716,Pro Football: 2027 NFC Champion ,6279424.024997001,1596456.72809,17,1361069,Will Seattle Seahawks win the 2027 NFL NFC Championship?,0.125,True,0.12,0.13,2027-01-25T00:00:00Z
203716,Pro Football: 2027 NFC Champion ,6279424.024997001,1596456.72809,17,1361070,Will another team win the 2027 NFL NFC Championship?,,False,0.0,1.0,2027-01-25T00:00:00Z
79041,Largest Company end of December 2026?,6116894.120948001,1464448.75015,28,676739,Will NVIDIA be the largest company in the world by market cap on December 31?,0.735,True,0.73,0.74,2026-12-31T00:00:00Z
79041,Largest Company end of December 2026?,6116894.120948001,1464448.75015,28,676740,Will Microsoft be the largest company in the world by market cap on December 31?,0.0055,True,0.005,0.006,2026-12-31T00:00:00Z
79041,Largest Company end of December 2026?,6116894.120948001,1464448.75015,28,676741,Will Apple be the largest company in the world by market cap on December 31?,0.1375,True,0.133,0.142,2026-12-31T00:00:00Z
79041,Largest Company end of December 2026?,6116894.120948001,1464448.75015,28,676742,Will Alphabet be the largest company in the world by market cap on December 31?,0.095,True,0.09,0.1,2026-12-31T00:00:00Z
79041,Largest Company end of December 2026?,6116894.120948001,1464448.75015,28,676743,Will Tesla be the largest company in the world by market cap on December 31?,0.0015,True,0.001,0.002,2026-12-31T00:00:00Z
79041,Largest Company end of December 2026?,6116894.120948001,1464448.75015,28,676744,Will Saudi Aramco be the largest company in the world by market cap on December 31?,0.0025,True,0.002,0.003,2026-12-31T00:00:00Z
79041,Largest Company end of December 2026?,6116894.120948001,1464448.75015,28,676745,Will Amazon be the largest company in the world by market cap on December 31?,0.0025,True,0.002,0.003,2026-12-31T00:00:00Z
79041,Largest Company end of December 2026?,6116894.120948001,1464448.75015,28,676746,Will SpaceX be the largest company in the world by market cap on December 31?,0.009,True,0.008,0.01,2026-12-31T00:00:00Z
79041,Largest Company end of December 2026?,6116894.120948001,1464448.75015,28,676747,Will Company B be the largest company in the world by market cap on December 31?,,False,0.0,1.0,2026-12-31T00:00:00Z
79041,Largest Company end of December 2026?,6116894.120948001,1464448.75015,28,676748,Will Company C be the largest company in the world by market cap on December 31?,,False,0.0,1.0,2026-12-31T00:00:00Z
79041,Largest Company end of December 2026?,6116894.120948001,1464448.75015,28,676749,Will Company D be the largest company in the world by market cap on December 31?,,False,0.0,1.0,2026-12-31T00:00:00Z
79041,Largest Company end of December 2026?,6116894.120948001,1464448.75015,28,676750,Will Company E be the largest company in the world by market cap on December 31?,,False,0.0,1.0,2026-12-31T00:00:00Z
79041,Largest Company end of December 2026?,6116894.120948001,1464448.75015,28,676751,Will Company F be the largest company in the world by market cap on December 31?,,False,0.0,1.0,2026-12-31T00:00:00Z
79041,Largest Company end of December 2026?,6116894.120948001,1464448.75015,28,676752,Will Company G be the largest company in the world by market cap on December 31?,,False,0.0,1.0,2026-12-31T00:00:00Z
79041,Largest Company end of December 2026?,6116894.120948001,1464448.75015,28,676753,Will Company H be the largest company in the world by market cap on December 31?,,False,0.0,1.0,2026-12-31T00:00:00Z
79041,Largest Company end of December 2026?,6116894.120948001,1464448.75015,28,676754,Will Company I be the largest company in the world by market cap on December 31?,,False,0.0,1.0,2026-12-31T00:00:00Z
79041,Largest Company end of December 2026?,6116894.120948001,1464448.75015,28,676755,Will Company J be the largest company in the world by market cap on December 31?,,False,0.0,1.0,2026-12-31T00:00:00Z
79041,Largest Company end of December 2026?,6116894.120948001,1464448.75015,28,676756,Will Company K be the largest company in the world by market cap on December 31?,,False,0.0,1.0,2026-12-31T00:00:00Z
79041,Largest Company end of December 2026?,6116894.120948001,1464448.75015,28,676757,Will Company L be the largest company in the world by market cap on December 31?,,False,0.0,1.0,2026-12-31T00:00:00Z
79041,Largest Company end of December 2026?,6116894.120948001,1464448.75015,28,676758,Will Company M be the largest company in the world by market cap on December 31?,,False,0.0,1.0,2026-12-31T00:00:00Z
79041,Largest Company end of December 2026?,6116894.120948001,1464448.75015,28,676759,Will Company N be the largest company in the world by market cap on December 31?,,False,0.0,1.0,2026-12-31T00:00:00Z
79041,Largest Company end of December 2026?,6116894.120948001,1464448.75015,28,676760,Will Company O be the largest company in the world by market cap on December 31?,,False,0.0,1.0,2026-12-31T00:00:00Z
79041,Largest Company end of December 2026?,6116894.120948001,1464448.75015,28,676761,Will Company P be the largest company in the world by market cap on December 31?,,False,0.0,1.0,2026-12-31T00:00:00Z
79041,Largest Company end of December 2026?,6116894.120948001,1464448.75015,28,676762,Will Company Q be the largest company in the world by market cap on December 31?,,False,0.0,1.0,2026-12-31T00:00:00Z
79041,Largest Company end of December 2026?,6116894.120948001,1464448.75015,28,676763,Will Company R be the largest company in the world by market cap on December 31?,,False,0.0,1.0,2026-12-31T00:00:00Z
79041,Largest Company end of December 2026?,6116894.120948001,1464448.75015,28,676764,Will Company S be the largest company in the world by market cap on December 31?,,False,0.0,1.0,2026-12-31T00:00:00Z
79041,Largest Company end of December 2026?,6116894.120948001,1464448.75015,28,676765,Will Company T be the largest company in the world by market cap on December 31?,,False,0.0,1.0,2026-12-31T00:00:00Z
79041,Largest Company end of December 2026?,6116894.120948001,1464448.75015,28,676766,Will any other company be the largest company in the world by market cap on December 31?,,False,0.0,1.0,2026-12-31T00:00:00Z
196914,Largest IPO by market cap in 2026?,5499568.180414,714299.78092,74,1321561,Will SpaceX have the highest IPO Market Cap 2026?,0.545,True,0.54,0.55,2026-12-31T00:00:00Z
196914,Largest IPO by market cap in 2026?,5499568.180414,714299.78092,74,1321562,Will OpenAI have the highest IPO Market Cap 2026?,0.0045,True,0.004,0.005,2026-12-31T00:00:00Z
196914,Largest IPO by market cap in 2026?,5499568.180414,714299.78092,74,1321563,Will ByteDance have the highest IPO Market Cap 2026?,0.0005,True,,0.001,2026-12-31T00:00:00Z
196914,Largest IPO by market cap in 2026?,5499568.180414,714299.78092,74,1321564,Will Anthropic have the highest IPO Market Cap 2026?,0.444,True,0.438,0.45,2026-12-31T00:00:00Z
196914,Largest IPO by market cap in 2026?,5499568.180414,714299.78092,74,1321565,Will Stripe have the highest IPO Market Cap 2026?,0.0005,True,,0.001,2026-12-31T00:00:00Z
196914,Largest IPO by market cap in 2026?,5499568.180414,714299.78092,74,1321566,Will Databricks have the highest IPO Market Cap 2026?,0.0005,True,,0.001,2026-12-31T00:00:00Z
196914,Largest IPO by market cap in 2026?,5499568.180414,714299.78092,74,1321567,Will SHEIN have the highest IPO Market Cap 2026?,0.0005,True,,0.001,2026-12-31T00:00:00Z
196914,Largest IPO by market cap in 2026?,5499568.180414,714299.78092,74,1321568,Will xAI have the highest IPO Market Cap 2026?,0.255,True,0.01,0.5,2026-12-31T00:00:00Z
196914,Largest IPO by market cap in 2026?,5499568.180414,714299.78092,74,1321569,Will Waymo have the highest IPO Market Cap 2026?,0.0005,True,,0.001,2026-12-31T00:00:00Z
196914,Largest IPO by market cap in 2026?,5499568.180414,714299.78092,74,1321570,Will Revolut have the highest IPO Market Cap 2026?,0.0005,True,,0.001,2026-12-31T00:00:00Z
196914,Largest IPO by market cap in 2026?,5499568.180414,714299.78092,74,1321571,Will Discord have the highest IPO Market Cap 2026?,0.0005,True,,0.001,2026-12-31T00:00:00Z
196914,Largest IPO by market cap in 2026?,5499568.180414,714299.78092,74,1321572,Will Perplexity AI have the highest IPO Market Cap 2026?,0.0005,True,,0.001,2026-12-31T00:00:00Z
196914,Largest IPO by market cap in 2026?,5499568.180414,714299.78092,74,1321573,Will Kraken have the highest IPO Market Cap 2026?,0.0005,True,,0.001,2026-12-31T00:00:00Z
196914,Largest IPO by market cap in 2026?,5499568.180414,714299.78092,74,1321574,Will Other company have the highest IPO Market Cap 2026?,,False,0.0,1.0,2026-12-31T00:00:00Z
196914,Largest IPO by market cap in 2026?,5499568.180414,714299.78092,74,1321575,Will Placeholder A have the highest IPO Market Cap 2026?,,False,0.0,1.0,2026-12-31T00:00:00Z
196914,Largest IPO by market cap in 2026?,5499568.180414,714299.78092,74,1321576,Will Placeholder B have the highest IPO Market Cap 2026?,,False,0.0,1.0,2026-12-31T00:00:00Z
196914,Largest IPO by market cap in 2026?,5499568.180414,714299.78092,74,1321577,Will Placeholder C have the highest IPO Market Cap 2026?,,False,0.0,1.0,2026-12-31T00:00:00Z
196914,Largest IPO by market cap in 2026?,5499568.180414,714299.78092,74,1321578,Will Placeholder D have the highest IPO Market Cap 2026?,,False,0.0,1.0,2026-12-31T00:00:00Z
196914,Largest IPO by market cap in 2026?,5499568.180414,714299.78092,74,1321579,Will Placeholder E have the highest IPO Market Cap 2026?,,False,0.0,1.0,2026-12-31T00:00:00Z
196914,Largest IPO by market cap in 2026?,5499568.180414,714299.78092,74,1321580,Will Placeholder F have the highest IPO Market Cap 2026?,,False,0.0,1.0,2026-12-31T00:00:00Z
196914,Largest IPO by market cap in 2026?,5499568.180414,714299.78092,74,1321581,Will Placeholder G have the highest IPO Market Cap 2026?,,False,0.0,1.0,2026-12-31T00:00:00Z
196914,Largest IPO by market cap in 2026?,5499568.180414,714299.78092,74,1321585,Will Placeholder H have the highest IPO Market Cap 2026?,,False,0.0,1.0,2026-12-31T00:00:00Z
196914,Largest IPO by market cap in 2026?,5499568.180414,714299.78092,74,1321588,Will Placeholder I have the highest IPO Market Cap 2026?,,False,0.0,1.0,2026-12-31T00:00:00Z
196914,Largest IPO by market cap in 2026?,5499568.180414,714299.78092,74,1321589,Will Placeholder J have the highest IPO Market Cap 2026?,,False,0.0,1.0,2026-12-31T00:00:00Z
196914,Largest IPO by market cap in 2026?,5499568.180414,714299.78092,74,1321590,Will Placeholder K have the highest IPO Market Cap 2026?,,False,0.0,1.0,2026-12-31T00:00:00Z
196914,Largest IPO by market cap in 2026?,5499568.180414,714299.78092,74,1321591,Will Placeholder L have the highest IPO Market Cap 2026?,,False,0.0,1.0,2026-12-31T00:00:00Z
196914,Largest IPO by market cap in 2026?,5499568.180414,714299.78092,74,1321592,Will Placeholder M have the highest IPO Market Cap 2026?,,False,0.0,1.0,2026-12-31T00:00:00Z
196914,Largest IPO by market cap in 2026?,5499568.180414,714299.78092,74,1321593,Will Placeholder N have the highest IPO Market Cap 2026?,,False,0.0,1.0,2026-12-31T00:00:00Z
196914,Largest IPO by market cap in 2026?,5499568.180414,714299.78092,74,1321594,Will Placeholder O have the highest IPO Market Cap 2026?,,False,0.0,1.0,2026-12-31T00:00:00Z
196914,Largest IPO by market cap in 2026?,5499568.180414,714299.78092,74,1321595,Will Placeholder P have the highest IPO Market Cap 2026?,,False,0.0,1.0,2026-12-31T00:00:00Z
196914,Largest IPO by market cap in 2026?,5499568.180414,714299.78092,74,1321596,Will Placeholder Q have the highest IPO Market Cap 2026?,,False,0.0,1.0,2026-12-31T00:00:00Z
196914,Largest IPO by market cap in 2026?,5499568.180414,714299.78092,74,1321597,Will Placeholder R have the highest IPO Market Cap 2026?,,False,0.0,1.0,2026-12-31T00:00:00Z
196914,Largest IPO by market cap in 2026?,5499568.180414,714299.78092,74,1321598,Will Placeholder S have the highest IPO Market Cap 2026?,,False,0.0,1.0,2026-12-31T00:00:00Z
196914,Largest IPO by market cap in 2026?,5499568.180414,714299.78092,74,1321599,Will Placeholder T have the highest IPO Market Cap 2026?,,False,0.0,1.0,2026-12-31T00:00:00Z
196914,Largest IPO by market cap in 2026?,5499568.180414,714299.78092,74,1321600,Will Placeholder U have the highest IPO Market Cap 2026?,,False,0.0,1.0,2026-12-31T00:00:00Z
196914,Largest IPO by market cap in 2026?,5499568.180414,714299.78092,74,1321601,Will Placeholder V have the highest IPO Market Cap 2026?,,False,0.0,1.0,2026-12-31T00:00:00Z
196914,Largest IPO by market cap in 2026?,5499568.180414,714299.78092,74,1321602,Will Placeholder W have the highest IPO Market Cap 2026?,,False,0.0,1.0,2026-12-31T00:00:00Z
196914,Largest IPO by market cap in 2026?,5499568.180414,714299.78092,74,1321603,Will Placeholder X have the highest IPO Market Cap 2026?,,False,0.0,1.0,2026-12-31T00:00:00Z
196914,Largest IPO by market cap in 2026?,5499568.180414,714299.78092,74,1321604,Will Placeholder Y have the highest IPO Market Cap 2026?,,False,0.0,1.0,2026-12-31T00:00:00Z
196914,Largest IPO by market cap in 2026?,5499568.180414,714299.78092,74,1321605,Will Placeholder Z have the highest IPO Market Cap 2026?,,False,0.0,1.0,2026-12-31T00:00:00Z
196914,Largest IPO by market cap in 2026?,5499568.180414,714299.78092,74,1321606,Will Placeholder AA have the highest IPO Market Cap 2026?,,False,0.0,1.0,2026-12-31T00:00:00Z
196914,Largest IPO by market cap in 2026?,5499568.180414,714299.78092,74,1321607,Will Placeholder AB have the highest IPO Market Cap 2026?,,False,0.0,1.0,2026-12-31T00:00:00Z
196914,Largest IPO by market cap in 2026?,5499568.180414,714299.78092,74,1321608,Will Placeholder AC have the highest IPO Market Cap 2026?,,False,0.0,1.0,2026-12-31T00:00:00Z
196914,Largest IPO by market cap in 2026?,5499568.180414,714299.78092,74,1321609,Will Placeholder AD have the highest IPO Market Cap 2026?,,False,0.0,1.0,2026-12-31T00:00:00Z
196914,Largest IPO by market cap in 2026?,5499568.180414,714299.78092,74,1321610,Will Placeholder AE have the highest IPO Market Cap 2026?,,False,0.0,1.0,2026-12-31T00:00:00Z
196914,Largest IPO by market cap in 2026?,5499568.180414,714299.78092,74,1321611,Will Placeholder AF have the highest IPO Market Cap 2026?,,False,0.0,1.0,2026-12-31T00:00:00Z
196914,Largest IPO by market cap in 2026?,5499568.180414,714299.78092,74,1321612,Will Placeholder AG have the highest IPO Market Cap 2026?,,False,0.0,1.0,2026-12-31T00:00:00Z
196914,Largest IPO by market cap in 2026?,5499568.180414,714299.78092,74,1321613,Will Placeholder AH have the highest IPO Market Cap 2026?,,False,0.0,1.0,2026-12-31T00:00:00Z
196914,Largest IPO by market cap in 2026?,5499568.180414,714299.78092,74,1321614,Will Placeholder AI have the highest IPO Market Cap 2026?,,False,0.0,1.0,2026-12-31T00:00:00Z
196914,Largest IPO by market cap in 2026?,5499568.180414,714299.78092,74,1321615,Will Placeholder AJ have the highest IPO Market Cap 2026?,,False,0.0,1.0,2026-12-31T00:00:00Z
196914,Largest IPO by market cap in 2026?,5499568.180414,714299.78092,74,1321616,Will Placeholder AK have the highest IPO Market Cap 2026?,,False,0.0,1.0,2026-12-31T00:00:00Z
196914,Largest IPO by market cap in 2026?,5499568.180414,714299.78092,74,1321617,Will Placeholder AL have the highest IPO Market Cap 2026?,,False,0.0,1.0,2026-12-31T00:00:00Z
196914,Largest IPO by market cap in 2026?,5499568.180414,714299.78092,74,1321618,Will Placeholder AM have the highest IPO Market Cap 2026?,,False,0.0,1.0,2026-12-31T00:00:00Z
196914,Largest IPO by market cap in 2026?,5499568.180414,714299.78092,74,1321619,Will Placeholder AN have the highest IPO Market Cap 2026?,,False,0.0,1.0,2026-12-31T00:00:00Z
196914,Largest IPO by market cap in 2026?,5499568.180414,714299.78092,74,1321620,Will Placeholder AO have the highest IPO Market Cap 2026?,,False,0.0,1.0,2026-12-31T00:00:00Z
196914,Largest IPO by market cap in 2026?,5499568.180414,714299.78092,74,1321621,Will Placeholder AP have the highest IPO Market Cap 2026?,,False,0.0,1.0,2026-12-31T00:00:00Z
196914,Largest IPO by market cap in 2026?,5499568.180414,714299.78092,74,1321622,Will Placeholder AQ have the highest IPO Market Cap 2026?,,False,0.0,1.0,2026-12-31T00:00:00Z
196914,Largest IPO by market cap in 2026?,5499568.180414,714299.78092,74,1321623,Will Placeholder AR have the highest IPO Market Cap 2026?,,False,0.0,1.0,2026-12-31T00:00:00Z
196914,Largest IPO by market cap in 2026?,5499568.180414,714299.78092,74,1321624,Will Placeholder AS have the highest IPO Market Cap 2026?,,False,0.0,1.0,2026-12-31T00:00:00Z
196914,Largest IPO by market cap in 2026?,5499568.180414,714299.78092,74,1321625,Will Placeholder AT have the highest IPO Market Cap 2026?,,False,0.0,1.0,2026-12-31T00:00:00Z
196914,Largest IPO by market cap in 2026?,5499568.180414,714299.78092,74,1321626,Will Placeholder AU have the highest IPO Market Cap 2026?,,False,0.0,1.0,2026-12-31T00:00:00Z
196914,Largest IPO by market cap in 2026?,5499568.180414,714299.78092,74,1321627,Will Placeholder AV have the highest IPO Market Cap 2026?,,False,0.0,1.0,2026-12-31T00:00:00Z
196914,Largest IPO by market cap in 2026?,5499568.180414,714299.78092,74,1321628,Will Placeholder AW have the highest IPO Market Cap 2026?,,False,0.0,1.0,2026-12-31T00:00:00Z
196914,Largest IPO by market cap in 2026?,5499568.180414,714299.78092,74,1321629,Will Placeholder AX have the highest IPO Market Cap 2026?,,False,0.0,1.0,2026-12-31T00:00:00Z
196914,Largest IPO by market cap in 2026?,5499568.180414,714299.78092,74,1321630,Will Placeholder AY have the highest IPO Market Cap 2026?,,False,0.0,1.0,2026-12-31T00:00:00Z
196914,Largest IPO by market cap in 2026?,5499568.180414,714299.78092,74,1321631,Will Placeholder AZ have the highest IPO Market Cap 2026?,,False,0.0,1.0,2026-12-31T00:00:00Z
196914,Largest IPO by market cap in 2026?,5499568.180414,714299.78092,74,1321632,Will Placeholder BA have the highest IPO Market Cap 2026?,,False,0.0,1.0,2026-12-31T00:00:00Z
196914,Largest IPO by market cap in 2026?,5499568.180414,714299.78092,74,1321633,Will Placeholder BB have the highest IPO Market Cap 2026?,,False,0.0,1.0,2026-12-31T00:00:00Z
196914,Largest IPO by market cap in 2026?,5499568.180414,714299.78092,74,1321634,Will Placeholder BC have the highest IPO Market Cap 2026?,,False,0.0,1.0,2026-12-31T00:00:00Z
196914,Largest IPO by market cap in 2026?,5499568.180414,714299.78092,74,1321635,Will Placeholder BD have the highest IPO Market Cap 2026?,,False,0.0,1.0,2026-12-31T00:00:00Z
196914,Largest IPO by market cap in 2026?,5499568.180414,714299.78092,74,1321636,Will Placeholder BE have the highest IPO Market Cap 2026?,,False,0.0,1.0,2026-12-31T00:00:00Z
196914,Largest IPO by market cap in 2026?,5499568.180414,714299.78092,74,1321637,Will Placeholder BF have the highest IPO Market Cap 2026?,,False,0.0,1.0,2026-12-31T00:00:00Z
196914,Largest IPO by market cap in 2026?,5499568.180414,714299.78092,74,1321638,Will Placeholder BG have the highest IPO Market Cap 2026?,,False,0.0,1.0,2026-12-31T00:00:00Z
196914,Largest IPO by market cap in 2026?,5499568.180414,714299.78092,74,1321639,Will Placeholder BH have the highest IPO Market Cap 2026?,,False,0.0,1.0,2026-12-31T00:00:00Z
204972,Brazil Presidential Election First Round: 2nd Place,5210122.78022,2035914.93118,32,1365853,Will Tarcisio de Freitas finish in second place in the first round of the 2026 Brazilian presidential election?,0.0015,True,0.001,0.002,2026-10-04T00:00:00Z
204972,Brazil Presidential Election First Round: 2nd Place,5210122.78022,2035914.93118,32,1365854,Will Luiz Inácio Lula da Silva finish in second place in the first round of the 2026 Brazilian presidential election?,0.062,True,0.061,0.063,2026-10-04T00:00:00Z
204972,Brazil Presidential Election First Round: 2nd Place,5210122.78022,2035914.93118,32,1365855,Will Jair Bolsonaro finish in second place in the first round of the 2026 Brazilian presidential election?,0.0015,True,0.001,0.002,2026-10-04T00:00:00Z
204972,Brazil Presidential Election First Round: 2nd Place,5210122.78022,2035914.93118,32,1365856,Will Fernando Haddad finish in second place in the first round of the 2026 Brazilian presidential election?,0.0015,True,0.001,0.002,2026-10-04T00:00:00Z
204972,Brazil Presidential Election First Round: 2nd Place,5210122.78022,2035914.93118,32,1365857,Will Michelle Bolsonaro finish in second place in the first round of the 2026 Brazilian presidential election?,0.0015,True,0.001,0.002,2026-10-04T00:00:00Z
204972,Brazil Presidential Election First Round: 2nd Place,5210122.78022,2035914.93118,32,1365858,Will Eduardo Bolsonaro finish in second place in the first round of the 2026 Brazilian presidential election?,0.0015,True,0.001,0.002,2026-10-04T00:00:00Z
204972,Brazil Presidential Election First Round: 2nd Place,5210122.78022,2035914.93118,32,1365859,Will Carlos Roberto Massa Júnior finish in second place in the first round of the 2026 Brazilian presidential election?,0.0015,True,0.001,0.002,2026-10-04T00:00:00Z
204972,Brazil Presidential Election First Round: 2nd Place,5210122.78022,2035914.93118,32,1365860,Will Renan Santos finish in second place in the first round of the 2026 Brazilian presidential election?,0.0355,True,0.026,0.045,2026-10-04T00:00:00Z
204972,Brazil Presidential Election First Round: 2nd Place,5210122.78022,2035914.93118,32,1365861,Will Flávio Bolsonaro finish in second place in the first round of the 2026 Brazilian presidential election?,0.845,True,0.84,0.85,2026-10-04T00:00:00Z
204972,Brazil Presidential Election First Round: 2nd Place,5210122.78022,2035914.93118,32,1365862,Will Ronaldo Caiado finish in second place in the first round of the 2026 Brazilian presidential election?,0.0035,True,0.002,0.005,2026-10-04T00:00:00Z
204972,Brazil Presidential Election First Round: 2nd Place,5210122.78022,2035914.93118,32,1365863,Will Romeu Zema finish in second place in the first round of the 2026 Brazilian presidential election?,0.0015,True,0.001,0.002,2026-10-04T00:00:00Z
204972,Brazil Presidential Election First Round: 2nd Place,5210122.78022,2035914.93118,32,1365864,Will Camilo Santana finish in second place in the first round of the 2026 Brazilian presidential election?,0.0015,True,0.001,0.002,2026-10-04T00:00:00Z
204972,Brazil Presidential Election First Round: 2nd Place,5210122.78022,2035914.93118,32,1365865,Will Geraldo Alckmin finish in second place in the first round of the 2026 Brazilian presidential election?,0.0015,True,0.001,0.002,2026-10-04T00:00:00Z
204972,Brazil Presidential Election First Round: 2nd Place,5210122.78022,2035914.93118,32,1365866,Will Aldo Rebelo finish in second place in the first round of the 2026 Brazilian presidential election?,0.0015,True,0.001,0.002,2026-10-04T00:00:00Z
204972,Brazil Presidential Election First Round: 2nd Place,5210122.78022,2035914.93118,32,1365867,Will Eduardo Leite finish in second place in the first round of the 2026 Brazilian presidential election?,0.0015,True,0.001,0.002,2026-10-04T00:00:00Z
204972,Brazil Presidential Election First Round: 2nd Place,5210122.78022,2035914.93118,32,1365868,Will Tereza Cristina finish in second place in the first round of the 2026 Brazilian presidential election?,0.0005,True,,0.001,2026-10-04T00:00:00Z
204972,Brazil Presidential Election First Round: 2nd Place,5210122.78022,2035914.93118,32,1365869,Will Helder Barbalho finish in second place in the first round of the 2026 Brazilian presidential election?,0.0005,True,,0.001,2026-10-04T00:00:00Z
204972,Brazil Presidential Election First Round: 2nd Place,5210122.78022,2035914.93118,32,1365870,Will Person M finish in second place in the first round of the 2026 Brazilian presidential election?,,False,0.0,1.0,2026-10-04T00:00:00Z
204972,Brazil Presidential Election First Round: 2nd Place,5210122.78022,2035914.93118,32,1365871,Will Person N finish in second place in the first round of the 2026 Brazilian presidential election?,,False,0.0,1.0,2026-10-04T00:00:00Z
204972,Brazil Presidential Election First Round: 2nd Place,5210122.78022,2035914.93118,32,1365872,Will Person O finish in second place in the first round of the 2026 Brazilian presidential election?,,False,0.0,1.0,2026-10-04T00:00:00Z
204972,Brazil Presidential Election First Round: 2nd Place,5210122.78022,2035914.93118,32,1365873,Will Person P finish in second place in the first round of the 2026 Brazilian presidential election?,,False,0.0,1.0,2026-10-04T00:00:00Z
204972,Brazil Presidential Election First Round: 2nd Place,5210122.78022,2035914.93118,32,1365874,Will Person Q finish in second place in the first round of the 2026 Brazilian presidential election?,,False,0.0,1.0,2026-10-04T00:00:00Z
204972,Brazil Presidential Election First Round: 2nd Place,5210122.78022,2035914.93118,32,1365875,Will Person R finish in second place in the first round of the 2026 Brazilian presidential election?,,False,0.0,1.0,2026-10-04T00:00:00Z
204972,Brazil Presidential Election First Round: 2nd Place,5210122.78022,2035914.93118,32,1365876,Will Person S finish in second place in the first round of the 2026 Brazilian presidential election?,,False,0.0,1.0,2026-10-04T00:00:00Z
204972,Brazil Presidential Election First Round: 2nd Place,5210122.78022,2035914.93118,32,1365877,Will Person T finish in second place in the first round of the 2026 Brazilian presidential election?,,False,0.0,1.0,2026-10-04T00:00:00Z
204972,Brazil Presidential Election First Round: 2nd Place,5210122.78022,2035914.93118,32,1365878,Will Person U finish in second place in the first round of the 2026 Brazilian presidential election?,,False,0.0,1.0,2026-10-04T00:00:00Z
204972,Brazil Presidential Election First Round: 2nd Place,5210122.78022,2035914.93118,32,1365879,Will Person V finish in second place in the first round of the 2026 Brazilian presidential election?,,False,0.0,1.0,2026-10-04T00:00:00Z
204972,Brazil Presidential Election First Round: 2nd Place,5210122.78022,2035914.93118,32,1365880,Will Person W finish in second place in the first round of the 2026 Brazilian presidential election?,,False,0.0,1.0,2026-10-04T00:00:00Z
204972,Brazil Presidential Election First Round: 2nd Place,5210122.78022,2035914.93118,32,1365881,Will Person X finish in second place in the first round of the 2026 Brazilian presidential election?,,False,0.0,1.0,2026-10-04T00:00:00Z
204972,Brazil Presidential Election First Round: 2nd Place,5210122.78022,2035914.93118,32,1365882,Will Person Y finish in second place in the first round of the 2026 Brazilian presidential election?,,False,0.0,1.0,2026-10-04T00:00:00Z
204972,Brazil Presidential Election First Round: 2nd Place,5210122.78022,2035914.93118,32,1365884,Will Person Z finish in second place in the first round of the 2026 Brazilian presidential election?,,False,0.0,1.0,2026-10-04T00:00:00Z
204972,Brazil Presidential Election First Round: 2nd Place,5210122.78022,2035914.93118,32,1365885,Will another person finish in second place in the first round of the 2026 Brazilian presidential election?,,False,0.0,1.0,2026-10-04T00:00:00Z
212252,Where will Tyreek Hill play in 2026?,5117328.334365,4405.18576,19,1387114,Will Tyreek Hill play for the Kansas City Chiefs next?,0.0055,True,0.003,0.008,2026-08-31T23:55:00Z
212252,Where will Tyreek Hill play in 2026?,5117328.334365,4405.18576,19,1387115,Will Tyreek Hill play for the Buffalo Bills next?,0.003,True,0.001,0.005,2026-08-31T23:55:00Z
212252,Where will Tyreek Hill play in 2026?,5117328.334365,4405.18576,19,1387116,Will Tyreek Hill play for the Los Angeles Chargers next?,0.0305,True,0.001,0.06,2026-08-31T23:55:00Z
212252,Where will Tyreek Hill play in 2026?,5117328.334365,4405.18576,19,1387117,Will Tyreek Hill play for the Las Vegas Raiders next?,0.053,True,0.012,0.094,2026-08-31T23:55:00Z
212252,Where will Tyreek Hill play in 2026?,5117328.334365,4405.18576,19,1387118,Will Tyreek Hill play for the New England Patriots next?,0.0065,True,0.002,0.011,2026-08-31T23:55:00Z
212252,Where will Tyreek Hill play in 2026?,5117328.334365,4405.18576,19,1387119,Will Tyreek Hill play for the San Francisco 49ers next?,0.007,True,0.002,0.012,2026-08-31T23:55:00Z
212252,Where will Tyreek Hill play in 2026?,5117328.334365,4405.18576,19,1387120,Will Tyreek Hill play for the Baltimore Ravens next?,0.0015,True,0.001,0.002,2026-08-31T23:55:00Z
212252,Where will Tyreek Hill play in 2026?,5117328.334365,4405.18576,19,1387121,Will Tyreek Hill play for the Minnesota Vikings next?,0.18,True,0.008,0.352,2026-08-31T23:55:00Z
212252,Where will Tyreek Hill play in 2026?,5117328.334365,4405.18576,19,1387122,Will Tyreek Hill play for the New York Giants next?,0.0055,True,,0.011,2026-08-31T23:55:00Z
212252,Where will Tyreek Hill play in 2026?,5117328.334365,4405.18576,19,1387123,Will Tyreek Hill play for the Chicago Bears next?,0.008,True,0.004,0.012,2026-08-31T23:55:00Z
212252,Where will Tyreek Hill play in 2026?,5117328.334365,4405.18576,19,1387124,Will Tyreek Hill play for the Los Angeles Rams next?,0.005,True,0.001,0.009,2026-08-31T23:55:00Z
212252,Where will Tyreek Hill play in 2026?,5117328.334365,4405.18576,19,1387125,Will Tyreek Hill play for the Pittsburgh Steelers next?,0.0055,True,0.001,0.01,2026-08-31T23:55:00Z
212252,Where will Tyreek Hill play in 2026?,5117328.334365,4405.18576,19,1387126,Will Tyreek Hill play for the Dallas Cowboys next?,0.006,True,0.002,0.01,2026-08-31T23:55:00Z
212252,Where will Tyreek Hill play in 2026?,5117328.334365,4405.18576,19,1387127,Will Tyreek Hill play for the Philadelphia Eagles next?,0.004,True,0.002,0.006,2026-08-31T23:55:00Z
212252,Where will Tyreek Hill play in 2026?,5117328.334365,4405.18576,19,1387133,Will Tyreek Hill play for Team I next?,,False,0.0,1.0,2026-08-31T23:55:00Z
212252,Where will Tyreek Hill play in 2026?,5117328.334365,4405.18576,19,1387134,Will Tyreek Hill play for Team J next?,,False,0.0,1.0,2026-08-31T23:55:00Z
212252,Where will Tyreek Hill play in 2026?,5117328.334365,4405.18576,19,1387135,Will Tyreek Hill play for Team K next?,,False,0.0,1.0,2026-08-31T23:55:00Z
212252,Where will Tyreek Hill play in 2026?,5117328.334365,4405.18576,19,1387136,Will Tyreek Hill play for Team L next?,,False,0.0,1.0,2026-08-31T23:55:00Z
212252,Where will Tyreek Hill play in 2026?,5117328.334365,4405.18576,19,1387137,Will Tyreek Hill play for another team next?,,False,0.0,1.0,2026-08-31T23:55:00Z
624242,Where will the next next round of US-Iran peace talks be...?,5015336.029329999,900781.30487,19,2646914,"Will no qualifying diplomatic US-Iran meeting occur by September 30, 2026?",0.8035,True,0.803,0.804,2026-09-30T23:59:00Z
624242,Where will the next next round of US-Iran peace talks be...?,5015336.029329999,900781.30487,19,2646915,"Will the next diplomatic US-Iran meeting be in Oman by September 30, 2026?",0.012,True,0.011,0.013,2026-09-30T23:59:00Z
624242,Where will the next next round of US-Iran peace talks be...?,5015336.029329999,900781.30487,19,2646916,"Will the next diplomatic US-Iran meeting be in the UAE by September 30, 2026?",0.0005,True,,0.001,2026-09-30T23:59:00Z
624242,Where will the next next round of US-Iran peace talks be...?,5015336.029329999,900781.30487,19,2646917,"Will the next diplomatic US-Iran meeting be in Saudi Arabia by September 30, 2026?",0.0015,True,0.001,0.002,2026-09-30T23:59:00Z
624242,Where will the next next round of US-Iran peace talks be...?,5015336.029329999,900781.30487,19,2646918,"Will the next diplomatic US-Iran meeting be in Qatar by September 30, 2026?",0.0455,True,0.041,0.05,2026-09-30T23:59:00Z
624242,Where will the next next round of US-Iran peace talks be...?,5015336.029329999,900781.30487,19,2646919,"Will the next diplomatic US-Iran meeting be in Switzerland by September 30, 2026?",0.09,True,0.08,0.1,2026-09-30T23:59:00Z
624242,Where will the next next round of US-Iran peace talks be...?,5015336.029329999,900781.30487,19,2646920,"Will the next diplomatic US-Iran meeting be in Austria by September 30, 2026?",0.0025,True,0.002,0.003,2026-09-30T23:59:00Z
624242,Where will the next next round of US-Iran peace talks be...?,5015336.029329999,900781.30487,19,2646921,"Will the next diplomatic US-Iran meeting be in Turkey by September 30, 2026?",0.0065,True,0.006,0.007,2026-09-30T23:59:00Z
624242,Where will the next next round of US-Iran peace talks be...?,5015336.029329999,900781.30487,19,2646922,"Will the next diplomatic US-Iran meeting be in Iran by September 30, 2026?",0.0005,True,,0.001,2026-09-30T23:59:00Z
624242,Where will the next next round of US-Iran peace talks be...?,5015336.029329999,900781.30487,19,2646923,"Will the next diplomatic US-Iran meeting be in the United States by September 30, 2026?",0.003,True,0.002,0.004,2026-09-30T23:59:00Z
624242,Where will the next next round of US-Iran peace talks be...?,5015336.029329999,900781.30487,19,2646924,"Will the next diplomatic US-Iran meeting be in Egypt by September 30, 2026?",0.0055,True,0.005,0.006,2026-09-30T23:59:00Z
624242,Where will the next next round of US-Iran peace talks be...?,5015336.029329999,900781.30487,19,2646925,"Will the next diplomatic US-Iran meeting be in Italy by September 30, 2026?",0.0035,True,0.003,0.004,2026-09-30T23:59:00Z
624242,Where will the next next round of US-Iran peace talks be...?,5015336.029329999,900781.30487,19,2646926,"Will the next diplomatic US-Iran meeting be in Iraq by September 30, 2026?",0.002,True,0.001,0.003,2026-09-30T23:59:00Z
624242,Where will the next next round of US-Iran peace talks be...?,5015336.029329999,900781.30487,19,2646927,"Will the next diplomatic US-Iran meeting be in Kazakhstan by September 30, 2026?",0.0005,True,,0.001,2026-09-30T23:59:00Z
624242,Where will the next next round of US-Iran peace talks be...?,5015336.029329999,900781.30487,19,2646928,"Will the next diplomatic US-Iran meeting be in Pakistan by September 30, 2026?",0.028,True,0.027,0.029,2026-09-30T23:59:00Z
624242,Where will the next next round of US-Iran peace talks be...?,5015336.029329999,900781.30487,19,2646929,"Will the next diplomatic US-Iran meeting be in Russia by September 30, 2026?",0.0005,True,,0.001,2026-09-30T23:59:00Z
624242,Where will the next next round of US-Iran peace talks be...?,5015336.029329999,900781.30487,19,2646930,"Will the next diplomatic US-Iran meeting be in another Middle East/North Africa country by September 30, 2026?",0.0025,True,0.002,0.003,2026-09-30T23:59:00Z
624242,Where will the next next round of US-Iran peace talks be...?,5015336.029329999,900781.30487,19,2646931,"Will the next diplomatic US-Iran meeting be in another European country by September 30, 2026?",0.0025,True,0.002,0.003,2026-09-30T23:59:00Z
624242,Where will the next next round of US-Iran peace talks be...?,5015336.029329999,900781.30487,19,2646932,"Will the next diplomatic US-Iran meeting be in another country by September 30, 2026?",0.0025,True,0.002,0.003,2026-09-30T23:59:00Z
